zpid,address,zipcode,city,state,latitude,longitude,price,price_per_sqft,price_change,zestimate,rent_zestimate,bedrooms,bathrooms,sqft,year_built,lot_size_acres,property_type,days_on_market,tax_assessed,tax_year,listing_url,photo_url,fetched_at,listing_type
462080635,3700 Cole Ave APT 231,75204,Dallas,TX,32.808525,-96.79757,3499.0,3.0,,,,1,2.0,1068.0,,,apartment,7,,,https://www.zillow.com,https://photos.zillowstatic.com/fp/359642c4b95b5f3811cdf61c41b5a378-p_c.jpg,2026-05-07 17:03,For Rent
461435055,212 Melba St #Ad0ed7691,75208,Dallas,TX,32.747017,-96.82536,1375.0,3.0,,,1314.0,1,1.0,511.0,,,apartment,36,,,https://www.zillow.com,https://photos.zillowstatic.com/fp/e69bc320baedc52c07fb101a6e40ffe1-p_c.jpg,2026-05-07 17:03,For Rent
461281454,3504 Fawn Valley Dr #28bbe9026,75224,Dallas,TX,32.699696,-96.83376,1025.0,2.0,,,1053.0,1,1.0,620.0,,,apartment,43,,,https://www.zillow.com,https://photos.zillowstatic.com/fp/80d6d57cf39dd044223113e221e3048f-p_c.jpg,2026-05-07 17:03,For Rent
461362276,3607 Fawn Valley Dr #74dac6434,75224,Dallas,TX,32.70045,-96.83477,875.0,2.0,,,1018.0,1,1.0,561.0,,,apartment,40,,,https://www.zillow.com,https://photos.zillowstatic.com/fp/89bf1b95672173f3dfeb755b44db8414-p_c.jpg,2026-05-07 17:03,For Rent
461305949,1519 Annex Ave #4cf790fe0,75204,Dallas,TX,32.80231,-96.77771,1150.0,2.0,,,1319.0,1,1.0,547.0,,,apartment,42,,,https://www.zillow.com,https://photos.zillowstatic.com/fp/77ce9ee1c9cde1b056783bc5ed39f267-p_c.jpg,2026-05-07 17:03,For Rent
442144218,4907 Bryan St #0B-1Ba-789Sqft,75206,Dallas,TX,32.80431,-96.77357,1850.0,2.0,,,1527.0,0,1.0,789.0,,,apartment,154,,,https://www.zillow.com,https://photos.zillowstatic.com/fp/9807c78283aac0c5ab8732e85b169590-p_c.jpg,2026-05-07 17:03,For Rent
2062227459,6003 Ridgecrest Rd APT 203,75231,Dallas,TX,32.870224,-96.75851,1200.0,2.0,,,1013.0,1,1.0,634.0,1983.0,,apartment,35,,,https://www.zillow.com,https://photos.zillowstatic.com/fp/7e676fc52573ab2c9901c7ca7cd40d14-p_c.jpg,2026-05-07 17:03,For Rent
458220474,1423 N Carroll Ave #6db926e37,75204,Dallas,TX,32.800613,-96.778595,3300.0,2.0,400.0,,3033.0,2,3.0,1722.0,,,apartment,174,,,https://www.zillow.com,https://photos.zillowstatic.com/fp/e9fb76ee7a21ece05c41ac063ff1f112-p_c.jpg,2026-05-07 17:03,For Rent
2075388734,1811 Greenville Ave APT 3146,75206,Dallas,TX,32.81271,-96.77127,1854.0,3.0,-3.0,,1673.0,1,1.0,720.0,2005.0,,apartment,35,,,https://www.zillow.com,https://photos.zillowstatic.com/fp/a04c706ccbd74ed54613dc58c3ab83ce-p_c.jpg,2026-05-07 17:03,For Rent
462161648,3443 Mahanna St #E1f10a220,75209,Dallas,TX,32.82395,-96.82126,1150.0,,,,,1,1.0,,1987.0,,apartment,2,,,https://www.zillow.com,https://photos.zillowstatic.com/fp/4deef4302112d5d764981bacef41994e-p_c.jpg,2026-05-07 17:03,For Rent
450862457,12270 Greenville Ave #6016,75243,Dallas,TX,32.91509,-96.74352,1650.0,6.0,-52.0,,984.0,0,1.0,300.0,,,apartment,365,,,https://www.zillow.com,https://photos.zillowstatic.com/fp/c9b6e3b65c921d35266a706b9918ab29-p_c.jpg,2026-05-07 17:03,For Rent
448211738,6235 Oram St #B1b8673de,75214,Dallas,TX,32.814114,-96.75722,1100.0,2.0,-150.0,,1281.0,1,1.0,675.0,,,apartment,423,,,https://www.zillow.com,https://photos.zillowstatic.com/fp/c6a60a7504e1df865925ebfeaa074c6f-p_c.jpg,2026-05-07 17:03,For Rent
2055387658,929 N Marsalis Ave #229,75203,Dallas,TX,32.759716,-96.81621,899.0,1.0,-201.0,,1083.0,1,1.0,620.0,1963.0,,apartment,17,,,https://www.zillow.com,https://photos.zillowstatic.com/fp/f350200a491e654e77c75739e53e7145-p_c.jpg,2026-05-07 17:03,For Rent
2053400912,6315 Richmond Ave APT E,75214,Dallas,TX,32.816486,-96.75527,1400.0,3.0,101.0,,1400.0,1,1.0,540.0,,,apartment,30,,,https://www.zillow.com,https://photos.zillowstatic.com/fp/07b247419f6f4eedd2754efe47238971-p_c.jpg,2026-05-07 17:03,For Rent
2095106465,4214 Rawlins St APT 114,75219,Dallas,TX,32.815296,-96.811165,1675.0,2.0,,,1952.0,2,2.0,957.0,,,apartment,30,,,https://www.zillow.com,https://photos.zillowstatic.com/fp/5a17dbde66b73e398c2a813e8d066a7c-p_c.jpg,2026-05-07 17:03,For Rent
450862632,12121 Coit Rd #9708,75251,Dallas,TX,32.914177,-96.769905,1956.0,7.0,7.0,,1566.0,0,1.0,270.0,,,apartment,365,,,https://www.zillow.com,https://photos.zillowstatic.com/fp/8e5c762ed75f3b8531da9ac738c3635c-p_c.jpg,2026-05-07 17:03,For Rent
2055330549,1641 N Windomere Ave #83b3911ea,75208,Dallas,TX,32.765846,-96.84454,1500.0,2.0,,,1498.0,1,1.0,700.0,,,apartment,958,,,https://www.zillow.com,https://photos.zillowstatic.com/fp/536def845241b672ab339e7d8ce818f3-p_c.jpg,2026-05-07 17:03,For Rent
2057844739,4201 San Jacinto St #S-208,75204,Dallas,TX,32.799984,-96.78216,1395.0,2.0,-605.0,,1415.0,1,1.0,603.0,,,apartment,169,,,https://www.zillow.com,https://photos.zillowstatic.com/fp/ba7e66331376a8e8ec4b70cd2a33aae1-p_c.jpg,2026-05-07 17:03,For Rent
461477767,2530 Community Dr #215,75220,Dallas,TX,32.85564,-96.87582,800.0,1.0,-145.0,,1010.0,1,1.0,750.0,1970.0,,apartment,35,,,https://www.zillow.com,https://photos.zillowstatic.com/fp/e6c28a361b01bf8dc3099832ef5a610e-p_c.jpg,2026-05-07 17:03,For Rent
461490068,4725 Junius St #E8c44ed57,75246,Dallas,TX,32.798355,-96.76991,995.0,2.0,,,1037.0,1,1.0,545.0,,,apartment,34,,,https://www.zillow.com,https://photos.zillowstatic.com/fp/c1c5141c432ce7b5bfa7d78e68bdfc91-p_c.jpg,2026-05-07 17:03,For Rent
461682109,2514 Community Dr #109,75220,Dallas,TX,32.85544,-96.87611,795.0,2.0,,,909.0,0,1.0,400.0,1977.0,,apartment,23,,,https://www.zillow.com,https://photos.zillowstatic.com/fp/a512c92289ad84ffb616afcf08e3b00a-p_c.jpg,2026-05-07 17:03,For Rent
461622303,5122 Gaston Ave #5381379,75214,Dallas,TX,32.802475,-96.765816,955.0,2.0,,,1145.0,0,0.0,400.0,,,apartment,27,,,https://www.zillow.com,https://photos.zillowstatic.com/fp/9eedc52920ff85e598d837351ffae9c1-p_c.jpg,2026-05-07 17:03,For Rent
450219817,1417 N Garrett Ave #262e40a25,75206,Dallas,TX,32.806076,-96.7722,1400.0,2.0,205.0,,1324.0,1,1.0,634.0,,,apartment,143,,,https://www.zillow.com,https://photos.zillowstatic.com/fp/e22d2dfe8b593342871c50156b756ef0-p_c.jpg,2026-05-07 17:03,For Rent
447525314,13330 Emily Rd #D731a59d1,75240,Dallas,TX,32.928883,-96.76425,900.0,2.0,,,1018.0,1,1.0,600.0,,,apartment,92,,,https://www.zillow.com,https://photos.zillowstatic.com/fp/045c0994d4b79130458e387d5db92659-p_c.jpg,2026-05-07 17:03,For Rent
2093936686,2212 N Fitzhugh Ave APT 8,75204,Dallas,TX,32.810665,-96.78095,800.0,1.0,,,1141.0,1,1.0,700.0,,,apartment,1,,,https://www.zillow.com,https://photos.zillowstatic.com/fp/0e4f666978e7b758d087ff044bc711eb-p_c.jpg,2026-05-07 17:03,For Rent
462115623,4950 Live Oak St APT 105,75206,Dallas,TX,32.803547,-96.77052,995.0,2.0,,,,1,1.0,650.0,,,apartment,6,,,https://www.zillow.com,https://photos.zillowstatic.com/fp/2908fd765c9a2edcc3b0915cd31f4373-p_c.jpg,2026-05-07 17:03,For Rent
2069606985,5018 San Jacinto St #202,75206,Dallas,TX,32.806423,-96.77314,950.0,3.0,,,979.0,0,1.0,378.0,,,apartment,13,,,https://www.zillow.com,https://photos.zillowstatic.com/fp/f859f24216e080d9203190128572aa55-p_c.jpg,2026-05-07 17:03,For Rent
460342924,5615 Ross Ave #9-B,75206,Dallas,TX,32.811428,-96.768715,950.0,2.0,,,1064.0,1,1.0,410.0,,,apartment,1,,,https://www.zillow.com,https://photos.zillowstatic.com/fp/efc4635d3c23bd36b6f4ffb5d364ae24-p_c.jpg,2026-05-07 17:03,For Rent
461477846,2510 Community Dr #221,75220,Dallas,TX,32.855206,-96.87676,850.0,1.0,-145.0,,1046.0,1,1.0,736.0,1993.0,,apartment,35,,,https://www.zillow.com,https://photos.zillowstatic.com/fp/aca291be162a9738e23d64dea14e114b-p_c.jpg,2026-05-07 17:03,For Rent
462117133,4625 Bryan St #C77bc8c2f,75204,Dallas,TX,32.80235,-96.77596,995.0,2.0,,,,1,1.0,618.0,1955.0,,apartment,6,,,https://www.zillow.com,https://photos.zillowstatic.com/fp/7eff22dc15cbc1d926c590eb5c470cea-p_c.jpg,2026-05-07 17:03,For Rent
2094415973,4606 Monarch St APT 109,75204,Dallas,TX,32.806053,-96.78084,1000.0,1.0,-25.0,,1520.0,2,1.0,780.0,,,apartment,42,,,https://www.zillow.com,https://photos.zillowstatic.com/fp/c7028b8bb800efb4323709923166f239-p_c.jpg,2026-05-07 17:03,For Rent
439929321,3921 Rawlins St #1B-1Ba-500Sqft,75219,Dallas,TX,32.812435,-96.808754,1195.0,2.0,,,1143.0,1,1.0,500.0,,,apartment,982,,,https://www.zillow.com,https://photos.zillowstatic.com/fp/0656321a93aa033c844a2403f6892fa1-p_c.jpg,2026-05-07 17:03,For Rent
461258850,3523 Fawn Valley Dr #9aa210a36,75224,Dallas,TX,32.69956,-96.83521,,,,,1125.0,1,1.0,717.0,,,apartment,44,,,https://www.zillow.com,https://photos.zillowstatic.com/fp/96bf15e1b6f2c992c3c07a921fd50ecd-p_c.jpg,2026-05-07 17:03,For Rent
349950538,5411 Amherst Cir #249d2be12,75209,Dallas,TX,32.85242,-96.82022,1700.0,3.0,75.0,,1276.0,1,1.0,676.0,,,apartment,295,,,https://www.zillow.com,https://photos.zillowstatic.com/fp/5ebde862c3fb1e82880d9e6d32b4fd8c-p_c.jpg,2026-05-07 17:03,For Rent
2095206608,5515 Gaston Ave APT 116,75214,Dallas,TX,32.806274,-96.76299,1200.0,2.0,,,1638.0,2,2.0,800.0,1960.0,,apartment,0,,,https://www.zillow.com,https://photos.zillowstatic.com/fp/5a52abec2f4250c3625213269b240b11-p_c.jpg,2026-05-07 17:03,For Rent
462260623,4810 Live Oak St #319896bc5,75204,Dallas,TX,32.802246,-96.77243,895.0,1.0,,,,1,1.0,650.0,,,apartment,0,,,https://www.zillow.com,https://photos.zillowstatic.com/fp/1f6aa50c1d9153cc33d5de61af753af7-p_c.jpg,2026-05-07 17:03,For Rent
2082438900,4300 Congress Ave APT 216,75219,Dallas,TX,32.810966,-96.81589,1200.0,2.0,50.0,,1138.0,1,1.0,492.0,,,apartment,216,,,https://www.zillow.com,https://photos.zillowstatic.com/fp/cf2bdf49ecaa11cc0de39b1b40221684-p_c.jpg,2026-05-07 17:03,For Rent
461622602,4505 Cedar Springs Rd #427e3ce24,75219,Dallas,TX,32.81594,-96.81829,1285.0,2.0,-10.0,,1232.0,1,1.0,665.0,,,apartment,27,,,https://www.zillow.com,https://photos.zillowstatic.com/fp/c561183cb8376ffbe7d7606e049051d2-p_c.jpg,2026-05-07 17:03,For Rent
2087669070,1515 Bennett Ave APT 105,75206,Dallas,TX,32.805664,-96.77411,950.0,2.0,-45.0,,1060.0,1,1.0,500.0,1930.0,,apartment,0,,,https://www.zillow.com,https://photos.zillowstatic.com/fp/5c5289f1580ee166fc90b26e787d0cd0-p_c.jpg,2026-05-07 17:03,For Rent
461489758,5010 Bryan St #9d14f158d,75206,Dallas,TX,32.804855,-96.771774,995.0,2.0,,,1310.0,1,1.0,540.0,,,apartment,34,,,https://www.zillow.com,https://photos.zillowstatic.com/fp/4ffa93a2863204c1adfec761a1280498-p_c.jpg,2026-05-07 17:03,For Rent
2075639120,4203 Gilbert Ave APT 108B,75219,Dallas,TX,32.818035,-96.807625,1195.0,2.0,50.0,,1123.0,1,1.0,585.0,,,apartment,191,,,https://www.zillow.com,https://photos.zillowstatic.com/fp/038e3603638b5c98dfe65962a975052b-p_c.jpg,2026-05-07 17:03,For Rent
2094577746,4622 Monarch St APT 106,75204,Dallas,TX,32.806316,-96.78048,900.0,2.0,55.0,,1193.0,1,1.0,540.0,,,apartment,105,,,https://www.zillow.com,https://photos.zillowstatic.com/fp/2b0643c1c413d8f971ca917248cb8be4-p_c.jpg,2026-05-07 17:03,For Rent
461886297,711 N Ewing Ave APT 202,75203,Dallas,TX,32.75675,-96.8131,899.0,1.0,-101.0,,1181.0,1,1.0,650.0,,,apartment,15,,,https://www.zillow.com,https://photos.zillowstatic.com/fp/425cc92faabd9285d295628d52746560-p_c.jpg,2026-05-07 17:03,For Rent
461255672,2501 S Harwood St #H06,75215,Dallas,TX,32.7676,-96.78012,1595.0,2.0,115.0,,1686.0,0,1.0,906.0,,,apartment,44,,,https://www.zillow.com,https://photos.zillowstatic.com/fp/86d216ad45a8138805acc3121438449f-p_c.jpg,2026-05-07 17:03,For Rent
371237839,2310 Moser Ave #7A,75206,Dallas,TX,32.81372,-96.77859,4571.0,2.0,,635300.0,4684.0,3,4.0,2540.0,,,townhome,2,,,https://www.zillow.com,https://photos.zillowstatic.com/fp/b3fa61887602ae3b7ad912d2effbdbc1-p_c.jpg,2026-05-07 17:03,For Rent
440576663,4936 Live Oak St #1B-1Ba-790Sqft,75206,Dallas,TX,32.803265,-96.77105,975.0,1.0,-50.0,,1810.0,1,1.0,820.0,,,apartment,595,,,https://www.zillow.com,https://photos.zillowstatic.com/fp/eedd511f67e16239747a3db7a1c40589-p_c.jpg,2026-05-07 17:03,For Rent
458459860,4928 Bryan St #Dc2116c62,75206,Dallas,TX,32.804356,-96.77238,800.0,,-200.0,,1310.0,0,1.0,,,,apartment,168,,,https://www.zillow.com,https://photos.zillowstatic.com/fp/02990d76bd54465b0542afd171dbc22b-p_c.jpg,2026-05-07 17:03,For Rent
457240236,1500 Bennett Ave #4b0cf1339,75206,Dallas,TX,32.8057,-96.77289,3100.0,2.0,400.0,466900.0,2839.0,2,3.0,1550.0,,,townhome,99,,,https://www.zillow.com,https://photos.zillowstatic.com/fp/816a4b1c49884ef1a1498149b81de640-p_c.jpg,2026-05-07 17:03,For Rent
461600478,6623 Mountain Trl #6639,75236,Dallas,TX,32.666767,-96.959404,2400.0,2.0,100.0,,2423.0,3,3.0,1536.0,,,apartment,153,,,https://www.zillow.com,https://photos.zillowstatic.com/fp/c77e28e3bc9e2053bb76425ee92a5c26-p_c.jpg,2026-05-07 17:03,For Rent
460475480,4708 San Jacinto St #A4a17443b,75204,Dallas,TX,32.804054,-96.77611,,,,,1153.0,1,1.0,,,,apartment,83,,,https://www.zillow.com,https://www.zillowstatic.com/static/images/nophoto_p_c.png,2026-05-07 17:03,For Rent
461489933,4246 Cole Ave #37cf031cc,75205,Dallas,TX,32.81791,-96.79143,,,,,1668.0,1,1.0,,,,apartment,34,,,https://www.zillow.com,https://www.zillowstatic.com/static/images/nophoto_p_c.png,2026-05-07 17:03,For Rent
122302349,5924 Hudson St Unit F,75206,Dallas,TX,32.809704,-96.76578,3000.0,2.0,,449000.0,2804.0,2,3.0,1286.0,,,townhome,0,460000.0,2025,https://www.zillow.com,https://photos.zillowstatic.com/fp/d4e1eb0705e5b09b4251b58462b32101-p_c.jpg,2026-05-07 17:03,For Rent
26851321,11036 Paddock Cir,75238,Dallas,TX,32.87161,-96.69157,2425.0,2.0,,312000.0,2344.0,3,2.0,1400.0,1961.0,,singleFamily,0,298000.0,2025,https://www.zillow.com,https://photos.zillowstatic.com/fp/7343d95b156f6c7437fb236033e9c49e-p_c.jpg,2026-05-07 17:03,For Rent
26898447,10 Stonebriar Ct,75206,Dallas,TX,32.815292,-96.76876,4000.0,2.0,,554100.0,3675.0,3,3.0,1728.0,,,townhome,0,520910.0,2025,https://www.zillow.com,https://photos.zillowstatic.com/fp/42e3eee62f2243b4aeef937881f1dea9-p_c.jpg,2026-05-07 17:03,For Rent
26684341,2306 Poplar St,75215,Dallas,TX,32.755123,-96.76331,2050.0,2.0,,142700.0,2245.0,3,2.0,1236.0,,,singleFamily,0,185000.0,2025,https://www.zillow.com,https://photos.zillowstatic.com/fp/12d54c2b2e7bb10ee8052477d5333cc3-p_c.jpg,2026-05-07 17:03,For Rent
26681998,3883 Turtle Creek Blvd APT 1509,75219,Dallas,TX,32.815395,-96.79969,3200.0,2.0,,429000.0,2795.0,2,2.0,1559.0,,,apartment,0,459910.0,2025,https://www.zillow.com,https://photos.zillowstatic.com/fp/b4a29c1109995abdd8a72c240d62498d-p_c.jpg,2026-05-07 17:03,For Rent
26697737,4851 Cedar Springs Rd APT 186,75219,Dallas,TX,32.81979,-96.821724,1750.0,2.0,,191500.0,1787.0,2,2.0,961.0,,,apartment,1,232340.0,2025,https://www.zillow.com,https://photos.zillowstatic.com/fp/9c771c3281ce7815c5723709ed014996-p_c.jpg,2026-05-07 17:03,For Rent
26838001,7847 Northaven Rd,75230,Dallas,TX,32.901756,-96.7724,6400.0,2.0,,949500.0,3282.0,3,2.0,2618.0,,,singleFamily,1,923140.0,2025,https://www.zillow.com,https://photos.zillowstatic.com/fp/a321e9c3df2acbad0fd532ed0c91e80e-p_c.jpg,2026-05-07 17:03,For Rent
26707645,7136 Lyre Ln,75214,Dallas,TX,32.833572,-96.7361,5295.0,2.0,,998900.0,5234.0,4,3.0,2729.0,,,singleFamily,1,922760.0,2025,https://www.zillow.com,https://photos.zillowstatic.com/fp/3901bee166c9bfb56e9a98505f2bc98d-p_c.jpg,2026-05-07 17:03,For Rent
2054095068,5900 Revere Pl,75206,Dallas,TX,32.830837,-96.76566,2800.0,2.0,,,1937.0,2,1.0,1450.0,,,singleFamily,2,,,https://www.zillow.com,https://photos.zillowstatic.com/fp/ec873fd1b9ad6405812ed50fdfd8e2d1-p_c.jpg,2026-05-07 17:03,For Rent
2058606801,1920 Caddo St #105,75204,Dallas,TX,32.80089,-96.78745,3950.0,2.0,,661100.0,4060.0,2,3.0,1977.0,,,apartment,2,593100.0,2025,https://www.zillow.com,https://photos.zillowstatic.com/fp/2b1390cf769323383d594520511159d7-p_c.jpg,2026-05-07 17:03,For Rent
26833019,3525 Rutz St,75212,Dallas,TX,32.785614,-96.8451,3900.0,2.0,,416900.0,3514.0,3,3.0,2451.0,,,apartment,2,598240.0,2025,https://www.zillow.com,https://photos.zillowstatic.com/fp/6a57e08a716b05c7bb6b5b8f168c79c3-p_c.jpg,2026-05-07 17:03,For Rent
462150538,635 Winston St #1,75208,Dallas,TX,32.751602,-96.8331,1430.0,2.0,,,,1,1.0,735.0,,,apartment,3,,,https://www.zillow.com,https://photos.zillowstatic.com/fp/ddce87d7edf4a582675be0140617b2c9-p_c.jpg,2026-05-07 17:03,For Rent
2078331259,4330 Bowser Ave #104,75219,Dallas,TX,32.818626,-96.811,1895.0,2.0,,,1840.0,2,2.0,1100.0,,,apartment,2,,,https://www.zillow.com,https://photos.zillowstatic.com/fp/33eb4828930c9711a769adf392684e0d-p_c.jpg,2026-05-07 17:03,For Rent
448383160,6205 Lovett Ave #L,75227,Dallas,TX,32.7787,-96.7102,1799.0,2.0,,,1497.0,3,2.0,1000.0,,,apartment,3,,,https://www.zillow.com,https://photos.zillowstatic.com/fp/a836310afa1a0c5e7fddbef2e5a79d1c-p_c.jpg,2026-05-07 17:03,For Rent
2058096256,15221 Berry Trl APT 106A,75248,Dallas,TX,32.95565,-96.801765,1495.0,2.0,,,1255.0,1,1.0,756.0,1981.0,,apartment,7,,,https://www.zillow.com,https://photos.zillowstatic.com/fp/50e66b36e2182982537b178d6e90d463-p_c.jpg,2026-05-07 17:03,For Rent
338040666,2143 Mail Ave #103,75235,Dallas,TX,32.83031,-96.856255,2700.0,2.0,,374200.0,2557.0,2,3.0,1513.0,,,apartment,4,393120.0,2025,https://www.zillow.com,https://photos.zillowstatic.com/fp/85c34591c88c5dcf5bfb9e15ce0a0ec3-p_c.jpg,2026-05-07 17:03,For Rent
26741123,9222 Angora St,75218,Dallas,TX,32.82996,-96.7052,2000.0,2.0,,,2249.0,2,2.0,1300.0,,,apartment,8,526430.0,2025,https://www.zillow.com,https://photos.zillowstatic.com/fp/0578a209094caa5a1db94878e6532e03-p_c.jpg,2026-05-07 17:03,For Rent
248830624,7145 Copperleaf Dr,75231,Dallas,TX,32.87428,-96.733635,4100.0,2.0,,612600.0,3116.0,3,3.0,1834.0,,,singleFamily,2,617740.0,2025,https://www.zillow.com,https://photos.zillowstatic.com/fp/ff65fca039f527233d865d741899c78b-p_c.jpg,2026-05-07 17:03,For Rent
26739879,8823 San Benito Way,75218,Dallas,TX,32.820396,-96.70497,2750.0,2.0,,452000.0,2644.0,2,2.0,1200.0,,,singleFamily,2,485000.0,2025,https://www.zillow.com,https://photos.zillowstatic.com/fp/5967b96e0eb14ddb42dfcff9e676a465-p_c.jpg,2026-05-07 17:03,For Rent
2056101793,4827 Aldenbury St,75228,Dallas,TX,32.792637,-96.71342,3300.0,1.0,,442100.0,3268.0,4,4.0,2271.0,,,singleFamily,2,446200.0,2025,https://www.zillow.com,https://photos.zillowstatic.com/fp/6daffeccc1f2d280bafb2b2f77914a3b-p_c.jpg,2026-05-07 17:03,For Rent
67965024,10115 Regal Park Ln APT 106,75230,Dallas,TX,32.88492,-96.773415,1250.0,2.0,,142100.0,1220.0,1,1.0,750.0,,,apartment,5,148300.0,2025,https://www.zillow.com,https://photos.zillowstatic.com/fp/eb711140906f7c9a7baf295020c0181c-p_c.jpg,2026-05-07 17:03,For Rent
2072231443,1830 Moser Ave #100,75206,Dallas,TX,32.810604,-96.775055,1495.0,2.0,-30.0,,1446.0,1,1.0,710.0,,,apartment,9,,,https://www.zillow.com,https://photos.zillowstatic.com/fp/717e800ae8cdee06f2f71dd1f717ec6d-p_c.jpg,2026-05-07 17:03,For Rent
439935130,629 N Tyler St #102,75208,Dallas,TX,32.750576,-96.83803,2539.0,2.0,,530300.0,2885.0,2,3.0,1380.0,,,apartment,7,,,https://www.zillow.com,https://photos.zillowstatic.com/fp/013dfd07ecc4d38749084d6e6918e6be-p_c.jpg,2026-05-07 17:03,For Rent
2100964667,2508 State St APT 5,75201,Dallas,TX,32.79466,-96.800735,2700.0,2.0,,,2836.0,1,2.0,1100.0,1993.0,,apartment,3,,,https://www.zillow.com,https://photos.zillowstatic.com/fp/549f377d727b97e3cc10be005eaeb7f8-p_c.jpg,2026-05-07 17:03,For Rent
26678567,2016 N Fitzhugh Ave,75204,Dallas,TX,32.809464,-96.77953,3200.0,2.0,-300.0,,3085.0,2,3.0,1600.0,,,apartment,22,904650.0,2018,https://www.zillow.com,https://photos.zillowstatic.com/fp/d41d75f1ff84b5cfca48145c2c5935d2-p_c.jpg,2026-05-07 17:03,For Rent
26690038,6035 Prospect Ave,75206,Dallas,TX,32.815113,-96.76225,7000.0,3.0,,1404800.0,7825.0,3,4.0,2572.0,,,singleFamily,3,1278550.0,2025,https://www.zillow.com,https://photos.zillowstatic.com/fp/d0483c538d4fd0c1ed93333d00e67277-p_c.jpg,2026-05-07 17:03,For Rent
26714181,2700 Gladstone Dr,75211,Dallas,TX,32.73993,-96.86368,3500.0,2.0,,473800.0,2499.0,3,2.0,1783.0,,,singleFamily,5,388700.0,2025,https://www.zillow.com,https://photos.zillowstatic.com/fp/f9a207dec9289007d759596ef36b7620-p_c.jpg,2026-05-07 17:03,For Rent
462047464,6545 Lyndon B Johnson Fwy,75240,Dallas,TX,32.925827,-96.79223,5500.0,2.0,,,,4,4.0,3005.0,,,singleFamily,8,,,https://www.zillow.com,https://photos.zillowstatic.com/fp/e4cf9a04fa223b44bd0a9a565cf1b319-p_c.jpg,2026-05-07 17:03,For Rent
26740582,8162 San Leandro Dr,75218,Dallas,TX,32.809086,-96.71656,4500.0,2.0,,877300.0,4103.0,4,3.0,2816.0,,,singleFamily,5,881900.0,2025,https://www.zillow.com,https://photos.zillowstatic.com/fp/e9c0209eec68db2a59ca1f45ef4c0e10-p_c.jpg,2026-05-07 17:03,For Rent
26927701,4023 Wycliff Ave APT 204,75219,Dallas,TX,32.81998,-96.80759,2495.0,2.0,,292800.0,3228.0,3,2.0,1470.0,,,apartment,6,330000.0,2025,https://www.zillow.com,https://photos.zillowstatic.com/fp/c02c0775698a74844ae06fff05ccc20e-p_c.jpg,2026-05-07 17:03,For Rent
26839304,7937 Royal Ln APT 124,75230,Dallas,TX,32.899048,-96.77033,1750.0,2.0,-245.0,167400.0,1814.0,2,2.0,1110.0,,,apartment,9,199800.0,2025,https://www.zillow.com,https://photos.zillowstatic.com/fp/6dd78a13ad17499d7ca83df4b6509127-p_c.jpg,2026-05-07 17:03,For Rent
26683944,4327 Holland Ave APT 212,75219,Dallas,TX,32.818966,-96.81059,1500.0,2.0,,152600.0,1525.0,1,1.0,660.0,,,apartment,48,171600.0,2025,https://www.zillow.com,https://photos.zillowstatic.com/fp/b17dda1642da933d0c6d0a8e5657efde-p_c.jpg,2026-05-07 17:03,For Rent
2079959918,3936 Travis St,75204,Dallas,TX,32.81178,-96.796135,2950.0,2.0,,,1052.0,1,1.0,1442.0,,,apartment,27,,,https://www.zillow.com,https://photos.zillowstatic.com/fp/feaf5320f960e4dd1c7bcfff913a01ee-p_c.jpg,2026-05-07 17:03,For Rent
2055136204,18330 Roehampton Dr,75252,Dallas,TX,33.000313,-96.80137,1500.0,3.0,,,965.0,1,1.0,545.0,,,apartment,181,,,https://www.zillow.com,https://photos.zillowstatic.com/fp/0b7bff723c59aa770559f522aaca5bf7-p_c.jpg,2026-05-07 17:03,For Rent
26881488,5045 Thunder Rd,75244,Dallas,TX,32.923782,-96.820274,3350.0,2.0,,355300.0,3311.0,3,2.0,1752.0,,,townhome,12,377440.0,2025,https://www.zillow.com,https://photos.zillowstatic.com/fp/bd94259ae9d270b6da06343bf5660970-p_c.jpg,2026-05-07 17:03,For Rent
67962016,3828 Morning Springs Trl,75224,Dallas,TX,32.697033,-96.83111,2200.0,2.0,,237100.0,2080.0,3,2.0,1399.0,,,singleFamily,5,250000.0,2025,https://www.zillow.com,https://photos.zillowstatic.com/fp/d890fc44fb6b9e3b6ad4d882e69d9c0e-p_c.jpg,2026-05-07 17:03,For Rent
460978588,5218 Columbia Ave APT 2,75214,Dallas,TX,32.798004,-96.75962,1350.0,1.0,-50.0,,1794.0,2,1.0,1250.0,,,apartment,57,,,https://www.zillow.com,https://photos.zillowstatic.com/fp/949dfd006413490c309941b9c222ea0a-p_c.jpg,2026-05-07 17:03,For Rent
26741242,9537 Alta Mira Dr,75218,Dallas,TX,32.827995,-96.69584,5500.0,2.0,,943200.0,5282.0,4,3.0,2864.0,,,singleFamily,34,810680.0,2025,https://www.zillow.com,https://photos.zillowstatic.com/fp/bb2d38f28d9cb08d24798cbdea830504-p_c.jpg,2026-05-07 17:03,For Rent
26680208,4536 Birch St,75223,Dallas,TX,32.790375,-96.76377,2200.0,2.0,,279600.0,2567.0,4,2.0,1248.0,,,singleFamily,4,160000.0,2025,https://www.zillow.com,https://photos.zillowstatic.com/fp/e2b6ab6a2055ae4e9a27b2daa71dc299-p_c.jpg,2026-05-07 17:03,For Rent
26846678,1515 Cherrycrest Ln,75228,Dallas,TX,32.808594,-96.69009,1895.0,2.0,,199300.0,1887.0,2,2.0,1220.0,,,townhome,3,196530.0,2025,https://www.zillow.com,https://photos.zillowstatic.com/fp/e669e88015ccf48ef679708a2ac5d997-p_c.jpg,2026-05-07 17:03,For Rent
26738886,7125 Fair Oaks Ave APT 10,75231,Dallas,TX,32.874084,-96.7578,1750.0,1.0,,107300.0,1360.0,2,3.0,1171.0,,,apartment,8,151770.0,2025,https://www.zillow.com,https://photos.zillowstatic.com/fp/aba9e7bcb93136ed529fd7f5687c0043-p_c.jpg,2026-05-07 17:03,For Rent
26693163,4520 Holland Ave APT 207,75219,Dallas,TX,32.821392,-96.81239,1800.0,2.0,,229600.0,2112.0,2,2.0,972.0,,,apartment,15,250000.0,2025,https://www.zillow.com,https://photos.zillowstatic.com/fp/f91d39e1473a4ad7cde3c7dfcb0e9d73-p_c.jpg,2026-05-07 17:03,For Rent
26808674,3323 Latham Dr,75229,Dallas,TX,32.897247,-96.86657,3445.0,2.0,,512400.0,3376.0,3,2.0,2077.0,,,singleFamily,8,527890.0,2025,https://www.zillow.com,https://photos.zillowstatic.com/fp/f0dedfa46c580d3b0053f6fe6ab2bc4b-p_c.jpg,2026-05-07 17:03,For Rent
461025341,1653 Mariposa Dr #1655,75228,Dallas,TX,32.826874,-96.69332,1775.0,1.0,-50.0,,1731.0,2,1.0,1218.0,,,apartment,55,,,https://www.zillow.com,https://photos.zillowstatic.com/fp/535a850dbd883b4d32752fad094e5832-p_c.jpg,2026-05-07 17:03,For Rent
26839746,8083 Meadow Rd APT 225,75231,Dallas,TX,32.88759,-96.76751,2010.0,2.0,-90.0,187500.0,1754.0,2,2.0,1100.0,,,apartment,69,202160.0,2025,https://www.zillow.com,https://photos.zillowstatic.com/fp/60142c528e8afb0dd837e1b87d86d356-p_c.jpg,2026-05-07 17:03,For Rent
26898371,4119 Throckmorton St,75219,Dallas,TX,32.819412,-96.8047,4300.0,2.0,,676600.0,4163.0,3,3.0,2070.0,,,singleFamily,3,586490.0,2025,https://www.zillow.com,https://photos.zillowstatic.com/fp/34937c93a667776e25da22940a3cd553-p_c.jpg,2026-05-07 17:03,For Rent
26880162,12511 Cedar Bend Dr,75244,Dallas,TX,32.91803,-96.85181,4250.0,2.0,-1250.0,538900.0,4156.0,4,3.0,2252.0,,,singleFamily,14,500000.0,2025,https://www.zillow.com,https://photos.zillowstatic.com/fp/bc96bdeb90ea856c925d06ac431480ee-p_c.jpg,2026-05-07 17:03,For Rent
26898432,5735 Richmond Ave #A,75206,Dallas,TX,32.81621,-96.76839,5000.0,3.0,,634500.0,3843.0,3,3.0,1827.0,,,townhome,6,595000.0,2025,https://www.zillow.com,https://photos.zillowstatic.com/fp/dbb9b272fe159e0ce60ab2f26c70e287-p_c.jpg,2026-05-07 17:03,For Rent
96506819,1906 Euclid Ave Unit A,75206,Dallas,TX,32.813595,-96.773155,5250.0,2.0,,728400.0,4489.0,2,3.0,2643.0,,,townhome,8,621110.0,2025,https://www.zillow.com,https://photos.zillowstatic.com/fp/6c2b6f3c97cc4efe81c151ed3ecd03c8-p_c.jpg,2026-05-07 17:03,For Rent
26837828,2038 Tolosa Dr,75228,Dallas,TX,32.851357,-96.67502,1650.0,2.0,-100.0,172800.0,1536.0,2,1.0,932.0,,,singleFamily,30,189950.0,2025,https://www.zillow.com,https://photos.zillowstatic.com/fp/0e32935218db7725896f3da51a2acc60-p_c.jpg,2026-05-07 17:03,For Rent
26729338,2228 Colony Ct,75235,Dallas,TX,32.833393,-96.85787,2650.0,221.0,,245200.0,2773.0,2,2.0,12.0,,,townhome,15,262360.0,2025,https://www.zillow.com,https://photos.zillowstatic.com/fp/446ac1ec718616d9209baffd5bc8912e-p_c.jpg,2026-05-07 17:03,For Rent
84006334,2121 Albany St,75201,Dallas,TX,32.780518,-96.790504,4150.0,2.0,-50.0,597100.0,4204.0,2,3.0,2414.0,,,townhome,36,616140.0,2025,https://www.zillow.com,https://photos.zillowstatic.com/fp/24f8bba402473ac436d541952a7e5fcc-p_c.jpg,2026-05-07 17:03,For Rent
26704544,3307 Homer St,75206,Dallas,TX,32.828564,-96.78201,10500.0,4.0,,1189600.0,7958.0,5,6.0,2690.0,,,singleFamily,7,191860.0,2025,https://www.zillow.com,https://photos.zillowstatic.com/fp/8e34733c8c7750bdb09431dfdc49d56e-p_c.jpg,2026-05-07 17:03,For Rent
2063174139,2355 Longhorn St,75228,Dallas,TX,32.79993,-96.713394,899.0,1.0,,,982.0,1,1.0,600.0,,,apartment,30,,,https://www.zillow.com,https://photos.zillowstatic.com/fp/91b63951f933745563c0bb28cb30da4c-p_c.jpg,2026-05-07 17:03,For Rent
2077341111,5916 Birchbrook Dr,75206,Dallas,TX,32.84716,-96.765686,1600.0,2.0,-100.0,,1610.0,0,1.0,727.0,,,apartment,49,,,https://www.zillow.com,https://photos.zillowstatic.com/fp/2e9d561cfe23fa410a6af799dd0cce17-p_c.jpg,2026-05-07 17:03,For Rent
67951174,4711 Hay St,75223,Dallas,TX,32.784748,-96.75496,1875.0,1.0,,203700.0,2324.0,3,2.0,1512.0,,,singleFamily,5,204020.0,2025,https://www.zillow.com,https://photos.zillowstatic.com/fp/c27ee4b959ed241c33cd3253215548f9-p_c.jpg,2026-05-07 17:03,For Rent
26750421,6481 Fisher Rd,75214,Dallas,TX,32.853233,-96.74911,3250.0,2.0,800.0,452800.0,2151.0,3,2.0,1510.0,,,singleFamily,26,407560.0,2025,https://www.zillow.com,https://photos.zillowstatic.com/fp/ca1506fdc770e34e16b391ceca8c930c-p_c.jpg,2026-05-07 17:03,For Rent
461135552,4920 W University Blvd #4920,75209,Dallas,TX,32.844704,-96.8265,2500.0,2.0,,,2388.0,2,1.0,1200.0,,,apartment,50,,,https://www.zillow.com,https://photos.zillowstatic.com/fp/3023bd3c78cca936e6585c6538bdbb1c-p_c.jpg,2026-05-07 17:03,For Rent
69676260,324 N Patton Ave,75203,Dallas,TX,32.750393,-96.819916,3499.0,2.0,-201.0,481300.0,3478.0,3,3.0,2300.0,,,singleFamily,33,265440.0,2025,https://www.zillow.com,https://photos.zillowstatic.com/fp/06abd188c70e71797d930577b3ae7a59-p_c.jpg,2026-05-07 17:03,For Rent
26721980,419 N Frances St,75211,Dallas,TX,32.74874,-96.8773,2000.0,1.0,,317900.0,2650.0,4,2.0,1642.0,,,singleFamily,3,309320.0,2025,https://www.zillow.com,https://photos.zillowstatic.com/fp/e6d03e0ad4f8896ba0542297578f840b-p_c.jpg,2026-05-07 17:03,For Rent
26731208,4812 Wateka Dr,75209,Dallas,TX,32.843887,-96.82817,3300.0,2.0,-100.0,518500.0,2747.0,2,1.0,1410.0,,,singleFamily,23,593140.0,2025,https://www.zillow.com,https://photos.zillowstatic.com/fp/c1cb61c20f2005bbb11aa50db1e17816-p_c.jpg,2026-05-07 17:03,For Rent
26749582,6719 Trammel Dr,75214,Dallas,TX,32.84692,-96.74509,5100.0,2.0,,785300.0,5417.0,4,4.0,2406.0,,,singleFamily,6,725950.0,2025,https://www.zillow.com,https://photos.zillowstatic.com/fp/48baac78092768fec34f21ab9c8d7415-p_c.jpg,2026-05-07 17:03,For Rent
26701175,6931 Clayton Ave,75214,Dallas,TX,32.81422,-96.738785,6250.0,4.0,-200.0,886900.0,3685.0,3,2.0,1776.0,,,singleFamily,7,881170.0,2025,https://www.zillow.com,https://photos.zillowstatic.com/fp/000f5ba4ed9c7f57e865228764dac26a-p_c.jpg,2026-05-07 17:03,For Rent
26726170,3219 Garden Ln,75215,Dallas,TX,32.75851,-96.746025,1800.0,1.0,,155300.0,1854.0,3,1.0,1488.0,,,singleFamily,29,176950.0,2025,https://www.zillow.com,https://photos.zillowstatic.com/fp/9f981e624ca356c80eac8fd6a6803d87-p_c.jpg,2026-05-07 17:03,For Rent
26847942,2223 Healey Dr,75228,Dallas,TX,32.8251,-96.67771,1950.0,1.0,-100.0,324200.0,2386.0,3,2.0,1404.0,,,singleFamily,17,327330.0,2025,https://www.zillow.com,https://photos.zillowstatic.com/fp/c8a223f27c9b84bc9f9f27d3ef1d76a9-p_c.jpg,2026-05-07 17:03,For Rent
26838819,10628 Sandpiper Ln,75230,Dallas,TX,32.890903,-96.779655,3300.0,2.0,,,3356.0,3,3.0,2017.0,,,apartment,13,450000.0,2025,https://www.zillow.com,https://photos.zillowstatic.com/fp/652578896158e90953bd9644da9f6b5c-p_c.jpg,2026-05-07 17:03,For Rent
26864726,9803 Windledge Dr,75238,Dallas,TX,32.884888,-96.71759,3690.0,2.0,,536100.0,3748.0,4,3.0,2440.0,1963.0,,singleFamily,26,471330.0,2025,https://www.zillow.com,https://photos.zillowstatic.com/fp/73d7a53358fae3565d0a8db1a82fb7bd-p_c.jpg,2026-05-07 17:03,For Rent
26697391,3135 Hedgerow Dr,75235,Dallas,TX,32.82499,-96.82786,2975.0,1.0,-275.0,405500.0,4248.0,6,2.0,2155.0,,,singleFamily,3,323590.0,2025,https://www.zillow.com,https://photos.zillowstatic.com/fp/30f4b4a96a80ef29dc5dafe70eb0362f-p_c.jpg,2026-05-07 17:03,For Rent
26872226,6840 Roundrock Rd,75248,Dallas,TX,32.956562,-96.79032,5000.0,2.0,-1000.0,711600.0,4575.0,4,3.0,2847.0,,,singleFamily,40,472960.0,2025,https://www.zillow.com,https://photos.zillowstatic.com/fp/74a7c245dea293f6b59ccc6064e5ddf0-p_c.jpg,2026-05-07 17:03,For Rent
96517565,770 Elwayne Ave,75217,Dallas,TX,32.726925,-96.70748,2300.0,1.0,,334500.0,2695.0,3,3.0,1980.0,,,singleFamily,5,321070.0,2025,https://www.zillow.com,https://photos.zillowstatic.com/fp/65c6542b4df31399afb7ed48f6448d6c-p_c.jpg,2026-05-07 17:03,For Rent
26730775,3338 Emmett St,75211,Dallas,TX,32.731754,-96.87606,2160.0,2.0,,337000.0,2399.0,3,2.0,1284.0,,,singleFamily,57,327000.0,2025,https://www.zillow.com,https://photos.zillowstatic.com/fp/b0fcfc64cb7aa099b46f65f64f8ef94b-p_c.jpg,2026-05-07 17:03,For Rent
26699148,4934 Echo Ave,75215,Dallas,TX,32.753616,-96.75092,2900.0,2.0,,336800.0,2750.0,5,4.0,1815.0,,,singleFamily,40,335050.0,2025,https://www.zillow.com,https://photos.zillowstatic.com/fp/d98e18947115341f63ba772d1ff67598-p_c.jpg,2026-05-07 17:03,For Rent
26649826,5120 Ambergate Ln,75287,Dallas,TX,32.999493,-96.82044,7000.0,1.0,-1000.0,874800.0,6550.0,5,5.0,4746.0,,,singleFamily,10,1046905.0,2025,https://www.zillow.com,https://photos.zillowstatic.com/fp/d6e27b10bdeb70cddccd3e8d4b878c79-p_c.jpg,2026-05-07 17:03,For Rent
80223152,5819 Foxglove Ln,75249,Dallas,TX,32.655434,-96.97071,3500.0,1.0,,389700.0,3003.0,4,3.0,2920.0,,,singleFamily,14,394640.0,2025,https://www.zillow.com,https://photos.zillowstatic.com/fp/1f49e496ca0f522694c26691bdb31f73-p_c.jpg,2026-05-07 17:03,For Rent
26910776,2803 Scottsbluff Dr,75228,Dallas,TX,32.8174,-96.66698,1895.0,1.0,-100.0,265800.0,1996.0,3,1.0,1461.0,,,singleFamily,41,279770.0,2025,https://www.zillow.com,https://photos.zillowstatic.com/fp/5cfb04718108e230dcae0d40085f7799-p_c.jpg,2026-05-07 17:03,For Rent
2105266826,3501 Armstrong Ave APT C,75205,Dallas,TX,32.822334,-96.79338,2900.0,2.0,,,2828.0,2,2.0,1539.0,1931.0,,apartment,15,,,https://www.zillow.com,https://photos.zillowstatic.com/fp/746949c6ad115de300721f480fe8c48c-p_c.jpg,2026-05-07 17:03,For Rent
80228544,633 Delphinium Dr,75217,Dallas,TX,32.702797,-96.65356,2199.0,1.0,,239800.0,2149.0,3,2.0,1472.0,,,singleFamily,32,262810.0,2025,https://www.zillow.com,https://photos.zillowstatic.com/fp/595055242920e06dab8d2f67ad72ebe1-p_c.jpg,2026-05-07 17:03,For Rent
26844250,12028 Hoblitzelle Dr,75243,Dallas,TX,32.912895,-96.760284,1950.0,2.0,,216600.0,1859.0,3,1.0,1182.0,,,singleFamily,0,215600.0,2025,https://www.zillow.com,https://photos.zillowstatic.com/fp/1e3bf6ed8063efee4544070bb6a477ca-p_c.jpg,2026-05-07 17:03,For Rent
26763105,6343 Parkdale Dr,75227,Dallas,TX,32.77136,-96.70953,1700.0,2.0,,215100.0,1651.0,2,1.0,1030.0,,,singleFamily,20,208070.0,2025,https://www.zillow.com,https://photos.zillowstatic.com/fp/11492e57224b34514ed4d3b3b00996ae-p_c.jpg,2026-05-07 17:03,For Rent
26783201,3320 Mundy Dr,75216,Dallas,TX,32.71391,-96.787094,1695.0,1.0,,194700.0,1839.0,3,2.0,1250.0,,,singleFamily,1,186220.0,2025,https://www.zillow.com,https://photos.zillowstatic.com/fp/249d94a74c483b6f383d09f7d08f8d4f-p_c.jpg,2026-05-07 17:03,For Rent
338041070,6022 Lewis St #102,75206,Dallas,TX,32.811874,-96.76303,3100.0,2.0,,448000.0,3314.0,2,3.0,1422.0,,,apartment,0,447930.0,2025,https://www.zillow.com,https://photos.zillowstatic.com/fp/5dfa134e5b594d6349a62f4f0e6dcc8a-p_c.jpg,2026-05-07 17:03,For Rent
26717948,2512 Sharon St,75211,Dallas,TX,32.729904,-96.85971,2895.0,1.0,,393900.0,2955.0,4,3.0,2007.0,,,singleFamily,2,423290.0,2025,https://www.zillow.com,https://photos.zillowstatic.com/fp/4808a8b0cf30474c315057d51c9645a0-p_c.jpg,2026-05-07 17:03,For Rent
162176202,2503 Elsie Faye Heggins St,75215,Dallas,TX,32.752865,-96.75752,1349.0,2.0,,286100.0,2493.0,3,2.0,876.0,,,singleFamily,1,269480.0,2025,https://www.zillow.com,https://photos.zillowstatic.com/fp/f7b4794040eea49bc7ea81099c002217-p_c.jpg,2026-05-07 17:03,For Rent
96524260,3408 Spring Ave,75215,Dallas,TX,32.766026,-96.75134,1455.0,2.0,,161400.0,1323.0,3,2.0,780.0,,,singleFamily,1,175000.0,2025,https://www.zillow.com,https://photos.zillowstatic.com/fp/8230357052a2d10221666b907e8c9ef2-p_c.jpg,2026-05-07 17:03,For Rent
26688418,3639 Pine St,75210,Dallas,TX,32.76794,-96.748955,1655.0,2.0,,211500.0,1980.0,3,2.0,1090.0,,,singleFamily,1,204410.0,2025,https://www.zillow.com,https://photos.zillowstatic.com/fp/1bce877bf0156d122ef8d53f2d40a2df-p_c.jpg,2026-05-07 17:03,For Rent
96514685,4525 Metropolitan Ave,75210,Dallas,TX,32.77868,-96.74584,1649.0,2.0,,,1622.0,3,2.0,1090.0,,,singleFamily,1,210080.0,2025,https://www.zillow.com,https://photos.zillowstatic.com/fp/5ca34179043a1b366c96965d032fcb6d-p_c.jpg,2026-05-07 17:03,For Rent
96515882,2711 Cross St,75210,Dallas,TX,32.769028,-96.749954,1395.0,2.0,,145000.0,1381.0,3,1.0,700.0,,,singleFamily,1,115370.0,2025,https://www.zillow.com,https://photos.zillowstatic.com/fp/e5f1e6e46c58d99a0a5e1f1faf41a580-p_c.jpg,2026-05-07 17:03,For Rent
26882688,10212 Panther Ridge Trl,75243,Dallas,TX,32.929058,-96.70846,2500.0,1.0,,392800.0,2984.0,4,3.0,2156.0,,,singleFamily,6,396230.0,2025,https://www.zillow.com,https://photos.zillowstatic.com/fp/d3058b2bc93a8864eaf7cc8b1d43f896-p_c.jpg,2026-05-07 17:03,For Rent
339349833,8210 Manoa Dr,75231,Dallas,TX,32.89126,-96.762825,3700.0,2.0,,673300.0,4109.0,3,4.0,2400.0,,,singleFamily,1,691180.0,2025,https://www.zillow.com,https://photos.zillowstatic.com/fp/5b36ed02a4322851734e3c86eff9fe2c-p_c.jpg,2026-05-07 17:03,For Rent
339374425,236 Melba St #101,75208,Dallas,TX,32.746998,-96.8262,3900.0,2.0,-100.0,592700.0,3738.0,3,3.0,2225.0,,,townhome,26,594380.0,2025,https://www.zillow.com,https://photos.zillowstatic.com/fp/74511324e95e4ca21207ff5d28785c6c-p_c.jpg,2026-05-07 17:03,For Rent
69675081,2548 Wedglea Dr,75211,Dallas,TX,32.756516,-96.86206,2850.0,2.0,,390200.0,2317.0,2,2.0,1600.0,,,singleFamily,31,333590.0,2025,https://www.zillow.com,https://photos.zillowstatic.com/fp/bf6aedd9a68205b1357b8fb2cccf6558-p_c.jpg,2026-05-07 17:03,For Rent
26762956,6202 Power Dr,75227,Dallas,TX,32.77388,-96.712585,1850.0,1.0,,241700.0,2062.0,2,2.0,1354.0,1946.0,,singleFamily,9,211280.0,2025,https://www.zillow.com,https://photos.zillowstatic.com/fp/c185268e90d6785ed3528f5811a756fb-p_c.jpg,2026-05-07 17:03,For Rent
26713753,806 Buckalew St,75208,Dallas,TX,32.738163,-96.83854,1925.0,2.0,,247800.0,1968.0,2,1.0,1196.0,1939.0,,singleFamily,2,266640.0,2025,https://www.zillow.com,https://photos.zillowstatic.com/fp/89f466480eb77b10c610b89dadaac540-p_c.jpg,2026-05-07 17:03,For Rent
26637931,18515 Kelly Cave Trl,75252,Dallas,TX,33.00408,-96.79931,3950.0,1.0,,584200.0,3531.0,4,3.0,2730.0,,,singleFamily,3,531848.0,2025,https://www.zillow.com,https://photos.zillowstatic.com/fp/fc8d50d11d17e447740219b7d8afe52a-p_c.jpg,2026-05-07 17:03,For Rent
96503823,4220 Hamilton Ave,75210,Dallas,TX,32.775806,-96.74978,2350.0,1.0,,287400.0,2386.0,4,2.0,1692.0,,,singleFamily,22,287020.0,2025,https://www.zillow.com,https://photos.zillowstatic.com/fp/512f3ae2662cf41b7b6901ecde20218b-p_c.jpg,2026-05-07 17:03,For Rent
2060147253,3616 Chestnut Oak Dr,75253,Dallas,TX,32.65684,-96.65686,2250.0,1.0,,304500.0,2391.0,4,3.0,1774.0,,,singleFamily,2,300990.0,2025,https://www.zillow.com,https://photos.zillowstatic.com/fp/9037c13d7b7824ce3b52cbf12186e8f6-p_c.jpg,2026-05-07 17:03,For Rent
26852013,13541 Purple Sage Rd,75240,Dallas,TX,32.93241,-96.77377,2550.0,2.0,,307700.0,2636.0,4,2.0,1667.0,,,singleFamily,34,252370.0,2025,https://www.zillow.com,https://photos.zillowstatic.com/fp/aa44784510f2faa5352eb1ceed0a2365-p_c.jpg,2026-05-07 17:03,For Rent
336884834,9721 Kerrisdale Ln,75230,Dallas,TX,32.88129,-96.77466,15000.0,3.0,,2556500.0,7216.0,4,5.0,4334.0,,,singleFamily,29,2906100.0,2025,https://www.zillow.com,https://photos.zillowstatic.com/fp/bb1d4fb3d97397f07f2190e5f72b60f8-p_c.jpg,2026-05-07 17:03,For Rent
80236715,3205 State St APT 1,75204,Dallas,TX,32.800224,-96.7954,5400.0,2.0,,649200.0,4070.0,3,4.0,2355.0,,,townhome,27,683030.0,2025,https://www.zillow.com,https://photos.zillowstatic.com/fp/cd6c052e1bf7aec90a34825507bd14a6-p_c.jpg,2026-05-07 17:03,For Rent
26704246,5604 Martel Ave,75206,Dallas,TX,32.831486,-96.77189,5950.0,3.0,-500.0,724100.0,5150.0,3,2.0,2080.0,1946.0,,singleFamily,66,668870.0,2025,https://www.zillow.com,https://photos.zillowstatic.com/fp/de6a0263b818608e5e3238a168f8b675-p_c.jpg,2026-05-07 17:03,For Rent
26845368,9302 Piper Ln,75228,Dallas,TX,32.81701,-96.678375,1800.0,1.0,50.0,218200.0,2039.0,3,2.0,1254.0,,,singleFamily,2,253710.0,2025,https://www.zillow.com,https://photos.zillowstatic.com/fp/b6624e82f13c88a4cc8a74c91807abbd-p_c.jpg,2026-05-07 17:03,For Rent
459249054,1506 Holly Ave,75204,Dallas,TX,32.801884,-96.77772,5200.0,2.0,,727700.0,5057.0,3,4.0,2826.0,,,townhome,49,130410.0,2025,https://www.zillow.com,https://photos.zillowstatic.com/fp/65e3f211c30511f19fcc450d2e026e6f-p_c.jpg,2026-05-07 17:03,For Rent
26702539,6330 Marquita Ave,75214,Dallas,TX,32.825314,-96.75467,4999.0,3.0,,863300.0,3557.0,3,2.0,1943.0,,,singleFamily,29,765460.0,2025,https://www.zillow.com,https://photos.zillowstatic.com/fp/6481e7db85280e1ac3d2a10f578fcf0f-p_c.jpg,2026-05-07 17:03,For Rent
26778196,1819 Barlow Ave,75224,Dallas,TX,32.717834,-96.85049,2250.0,2.0,,322800.0,2608.0,4,2.0,1408.0,1949.0,,singleFamily,0,305060.0,2025,https://www.zillow.com,https://photos.zillowstatic.com/fp/e17191880eec4082ae75fe5954a78479-p_c.jpg,2026-05-07 17:03,For Rent
69670325,6624 Cantata Ct,75241,Dallas,TX,32.6687,-96.79851,1930.0,1.0,,212400.0,1860.0,3,2.0,1314.0,,,singleFamily,0,213000.0,2025,https://www.zillow.com,https://photos.zillowstatic.com/fp/234e53ff1e5053e71d283dbca5a0d397-p_c.jpg,2026-05-07 17:03,For Rent
26863676,7640 Dentcrest Dr,75254,Dallas,TX,32.949795,-96.776085,2095.0,,,553400.0,2438.0,2,2.0,,,,singleFamily,8,,,https://www.zillow.com,https://photos.zillowstatic.com/fp/eb368e076541fc7d2d8ebdc2b37d9540-p_c.jpg,2026-05-07 17:03,For Rent
26853325,8718 Boundbrook Ave,75243,Dallas,TX,32.89536,-96.75496,4500.0,2.0,,750600.0,3878.0,4,4.0,2688.0,,,singleFamily,29,664530.0,2025,https://www.zillow.com,https://photos.zillowstatic.com/fp/7defc76051000d836182f301a27b7541-p_c.jpg,2026-05-07 17:03,For Rent
26758458,4202 Merrell Rd,75229,Dallas,TX,32.887447,-96.83819,3800.0,2.0,,569300.0,4344.0,3,3.0,2200.0,,,singleFamily,48,612000.0,2025,https://www.zillow.com,https://photos.zillowstatic.com/fp/9301295145e2e65b0f999e7ba7f94b29-p_c.jpg,2026-05-07 17:03,For Rent
461709627,4512 Amesbury Dr,75206,Dallas,TX,32.843624,-96.76538,1445.0,2.0,-50.0,,1625.0,1,1.0,738.0,,,apartment,22,,,https://www.zillow.com,https://photos.zillowstatic.com/fp/7681374abdf56e557b9f9b7716d7a599-p_c.jpg,2026-05-07 17:03,For Rent
26845806,3124 Hillglenn Rd,75228,Dallas,TX,32.824944,-96.661385,2000.0,1.0,200.0,,1991.0,3,2.0,1356.0,,,singleFamily,91,195000.0,2025,https://www.zillow.com,https://photos.zillowstatic.com/fp/08bf0dd33fde832eabed6885d36a2fd0-p_c.jpg,2026-05-07 17:03,For Rent
26736082,9130 Valley Chapel Ln,75220,Dallas,TX,32.86333,-96.843346,5500.0,3.0,,620800.0,3928.0,3,3.0,2161.0,,,singleFamily,36,625000.0,2025,https://www.zillow.com,https://photos.zillowstatic.com/fp/601c5d1354cdf14b62de71a7b6a57346-p_c.jpg,2026-05-07 17:03,For Rent
26681705,2727 Shelby Ave APT H,75219,Dallas,TX,32.807697,-96.8124,2250.0,2.0,,300200.0,1835.0,2,2.0,962.0,,,apartment,6,317460.0,2025,https://www.zillow.com,https://photos.zillowstatic.com/fp/ceb3b1893fadca3a3be5a338df2451fe-p_c.jpg,2026-05-07 17:03,For Rent
89374751,2410 Knight St,75219,Dallas,TX,32.806065,-96.81879,3300.0,1.0,,599200.0,3659.0,3,3.0,2568.0,,,singleFamily,5,635900.0,2025,https://www.zillow.com,https://photos.zillowstatic.com/fp/957485444b2fdf58fd0c99505df27991-p_c.jpg,2026-05-07 17:03,For Rent
96507646,1318 Palm Springs Ln,75204,Dallas,TX,32.79533,-96.78341,3150.0,2.0,50.0,460300.0,2907.0,2,3.0,1790.0,,,townhome,5,485140.0,2025,https://www.zillow.com,https://photos.zillowstatic.com/fp/3bff66798210015dc3282b0ae9fbe266-p_c.jpg,2026-05-07 17:03,For Rent
68404601,4124 Hollow Oak Dr,75287,Dallas,TX,32.99655,-96.83955,2500.0,2.0,,286700.0,1830.0,2,2.0,1148.0,,,singleFamily,2,321367.0,2025,https://www.zillow.com,https://photos.zillowstatic.com/fp/ba2417b63f5313bbef3e434a6103984d-p_c.jpg,2026-05-07 17:03,For Rent
26772798,2912 Shadow Wood Dr,75224,Dallas,TX,32.712532,-96.83406,2200.0,2.0,,226200.0,1917.0,3,1.0,1452.0,,,singleFamily,85,234720.0,2025,https://www.zillow.com,https://photos.zillowstatic.com/fp/c426062ec6029f7b60dbc4f32ae7cfdc-p_c.jpg,2026-05-07 17:03,For Rent
26692289,5017 Milam St,75206,Dallas,TX,32.81718,-96.78654,12000.0,3.0,,1461800.0,7989.0,4,3.0,3586.0,,,singleFamily,34,1336120.0,2025,https://www.zillow.com,https://photos.zillowstatic.com/fp/a6e8f604ea1dcdb384137d7c90ff40df-p_c.jpg,2026-05-07 17:03,For Rent
26901025,5881 Preston View Blvd APT 215,75240,Dallas,TX,32.9356,-96.8062,1750.0,2.0,-100.0,175900.0,1680.0,2,2.0,1017.0,,,apartment,29,208490.0,2025,https://www.zillow.com,https://photos.zillowstatic.com/fp/95f5d73fb8e78ce1b9f46d159ac576f0-p_c.jpg,2026-05-07 17:03,For Rent
336886527,1245 Gano St #602,75215,Dallas,TX,32.769325,-96.7921,2850.0,1.0,-50.0,498100.0,3494.0,2,3.0,2465.0,,,townhome,10,368170.0,2025,https://www.zillow.com,https://photos.zillowstatic.com/fp/2fd00a10571c7f6ac3aa5d2e9a8cc3cf-p_c.jpg,2026-05-07 17:03,For Rent
26705618,6802 Blessing Dr,75214,Dallas,TX,32.843803,-96.74296,4020.0,2.0,,687700.0,4029.0,3,2.0,1798.0,,,apartment,2,655000.0,2025,https://www.zillow.com,https://photos.zillowstatic.com/fp/ae4c7c505f78b4a24b538ef8e4934625-p_c.jpg,2026-05-07 17:03,For Rent
338034307,2214 Rook Dr,75211,Dallas,TX,32.761234,-96.859146,2800.0,2.0,-50.0,388400.0,2789.0,2,3.0,1560.0,,,townhome,35,416310.0,2025,https://www.zillow.com,https://photos.zillowstatic.com/fp/49365bc4ea94775b8eabcd190a14c262-p_c.jpg,2026-05-07 17:03,For Rent
26586268,4114 Brooktree Ln,75287,Dallas,TX,32.987896,-96.83966,4000.0,2.0,,496300.0,3287.0,3,2.0,2314.0,,,singleFamily,52,438412.0,2025,https://www.zillow.com,https://photos.zillowstatic.com/fp/81534623c1d3e7766c94d05fb7d0d922-p_c.jpg,2026-05-07 17:03,For Rent
26790629,3714 Valley Ridge Rd,75220,Dallas,TX,32.877384,-96.85545,3995.0,2.0,,632600.0,3391.0,3,2.0,1608.0,,,singleFamily,15,634480.0,2025,https://www.zillow.com,https://photos.zillowstatic.com/fp/1a347096a7bba488d3c900ed62ee4cde-p_c.jpg,2026-05-07 17:03,For Rent
26728849,335 Avenue G,75203,Dallas,TX,32.745083,-96.79322,1899.0,2.0,-150.0,146200.0,1830.0,2,1.0,870.0,,,singleFamily,53,120000.0,2025,https://www.zillow.com,https://photos.zillowstatic.com/fp/8fcf15421e6ee4bea4ddf7c294fa7ddb-p_c.jpg,2026-05-07 17:03,For Rent
26787733,3631 Seguin Dr,75220,Dallas,TX,32.87876,-96.856735,2950.0,2.0,,418800.0,3080.0,3,3.0,1742.0,,,singleFamily,12,440000.0,2025,https://www.zillow.com,https://photos.zillowstatic.com/fp/b704941adde475308fd831c58c283330-p_c.jpg,2026-05-07 17:03,For Rent
26832924,3121 Rutz St,75212,Dallas,TX,32.780357,-96.84512,3000.0,2.0,,334300.0,3011.0,3,3.0,1758.0,,,singleFamily,76,379020.0,2025,https://www.zillow.com,https://photos.zillowstatic.com/fp/53fd19cd61a02e6d8be8a65f82b9c4fd-p_c.jpg,2026-05-07 17:03,For Rent
2054151395,4247 Possumhaw Dr,75241,Dallas,TX,32.6691,-96.75066,2300.0,1.0,,312100.0,2279.0,3,2.0,1600.0,,,singleFamily,7,338870.0,2025,https://www.zillow.com,https://photos.zillowstatic.com/fp/f63cce8cd1618babdb56edb044c0d6f7-p_c.jpg,2026-05-07 17:03,For Rent
303981534,1326 Barrel Dr,75253,Dallas,TX,32.673977,-96.58351,2495.0,1.0,,333300.0,2903.0,5,3.0,2617.0,,,singleFamily,7,330500.0,2025,https://www.zillow.com,https://photos.zillowstatic.com/fp/e82e18aed3ebdbdad6e9e7bd9f232761-p_c.jpg,2026-05-07 17:03,For Rent
26691943,1847 Euclid Ave,75206,Dallas,TX,32.812798,-96.77388,5595.0,2.0,,942900.0,5740.0,3,3.0,2811.0,2016.0,,singleFamily,16,925590.0,2025,https://www.zillow.com,https://photos.zillowstatic.com/fp/43e6d4dbcfdacaf8c6ba64ade9179d4f-p_c.jpg,2026-05-07 17:03,For Rent
26911659,13246 Pandora Dr,75238,Dallas,TX,32.874096,-96.68989,2300.0,2.0,,337900.0,2131.0,2,3.0,1269.0,,,singleFamily,34,325000.0,2025,https://www.zillow.com,https://photos.zillowstatic.com/fp/1bec4bacb81e86b2f73b3921fdb06975-p_c.jpg,2026-05-07 17:03,For Rent
26769070,919 Knott Pl,75208,Dallas,TX,32.763203,-96.838165,7900.0,2.0,,1096200.0,5229.0,4,4.0,3210.0,,,singleFamily,8,1147750.0,2025,https://www.zillow.com,https://photos.zillowstatic.com/fp/198440c814e938514a4961b6a2e28595-p_c.jpg,2026-05-07 17:03,For Rent
83995449,6816 Clarktown Ct,75236,Dallas,TX,32.664543,-96.94069,3645.0,1.0,-80.0,353500.0,3106.0,4,3.0,2775.0,,,singleFamily,7,401880.0,2025,https://www.zillow.com,https://photos.zillowstatic.com/fp/64b0f0acdedf636fed178eb377f0b6fb-p_c.jpg,2026-05-07 17:03,For Rent
26891560,7525 Ashcrest Ln,75249,Dallas,TX,32.64401,-96.95406,3725.0,2.0,,292800.0,2235.0,4,2.0,1625.0,1980.0,,singleFamily,7,239180.0,2025,https://www.zillow.com,https://photos.zillowstatic.com/fp/f103e35bc5ba3305d3f083f8193a1f85-p_c.jpg,2026-05-07 17:03,For Rent
26678803,4523 Sycamore St,75204,Dallas,TX,32.799408,-96.775154,3099.0,2.0,,398000.0,2857.0,3,2.0,1260.0,,,singleFamily,14,423890.0,2025,https://www.zillow.com,https://photos.zillowstatic.com/fp/583a325d133995698ee59f6813db7285-p_c.jpg,2026-05-07 17:03,For Rent
26690678,5303 Willis Ave,75206,Dallas,TX,32.82052,-96.77974,1595.0,3.0,,,1331.0,1,1.0,500.0,1920.0,,apartment,2,723580.0,2025,https://www.zillow.com,https://photos.zillowstatic.com/fp/59917413ef4e1ddf7c6241f4dea0b86b-p_c.jpg,2026-05-07 17:03,For Rent
338040546,10527 Sewell Cir,75253,Dallas,TX,32.689606,-96.6393,2295.0,1.0,,305800.0,2305.0,4,2.0,1674.0,,,singleFamily,6,300170.0,2025,https://www.zillow.com,https://photos.zillowstatic.com/fp/9b608704c6595a5165b3f64b87bd7944-p_c.jpg,2026-05-07 17:03,For Rent
96533628,5618 Lindell Ave #6,75206,Dallas,TX,32.808674,-96.76877,3500.0,2.0,,458100.0,3407.0,2,3.0,1640.0,2008.0,,apartment,16,442800.0,2025,https://www.zillow.com,https://photos.zillowstatic.com/fp/bdfde748a563bca8a5bc1513521c8e6f-p_c.jpg,2026-05-07 17:03,For Rent
26914138,6623 Mountain Cedar Ln,75236,Dallas,TX,32.6686,-96.93528,2149.0,1.0,,255400.0,2407.0,3,2.0,1713.0,1989.0,,singleFamily,3,284000.0,2025,https://www.zillow.com,https://photos.zillowstatic.com/fp/669f8877b0a72329d50ed5d2cb48ac3d-p_c.jpg,2026-05-07 17:03,For Rent
459248419,1868 Park Ave,75215,Dallas,TX,32.772015,-96.78549,4900.0,2.0,,,4706.0,4,5.0,2578.0,,,apartment,75,547540.0,2025,https://www.zillow.com,https://photos.zillowstatic.com/fp/7ee8de84bb0a7761174dc45350a0c0be-p_c.jpg,2026-05-07 17:03,For Rent
96494288,1958 Toronto St,75212,Dallas,TX,32.779205,-96.85279,4700.0,1.0,,615100.0,4448.0,4,3.0,3336.0,,,singleFamily,4,687070.0,2025,https://www.zillow.com,https://photos.zillowstatic.com/fp/b74b25f54df48fcd58ebac326924fcb9-p_c.jpg,2026-05-07 17:03,For Rent
26929129,1503 N Garrett Ave APT 104,75206,Dallas,TX,32.80629,-96.77255,1395.0,2.0,,136700.0,1407.0,1,1.0,631.0,,,apartment,43,170370.0,2025,https://www.zillow.com,https://photos.zillowstatic.com/fp/03e0e8651bdfdbd3a1ea654587e48657-p_c.jpg,2026-05-07 17:03,For Rent
460387137,3522 N Versailles Ave #1,75209,Dallas,TX,32.828926,-96.82357,3600.0,2.0,-150.0,,3263.0,2,2.0,1600.0,,,apartment,33,,,https://www.zillow.com,https://photos.zillowstatic.com/fp/dfa2e6774f5817146c0ca73a75c8da25-p_c.jpg,2026-05-07 17:03,For Rent
2052844030,13516 Red Fern Ln,75240,Dallas,TX,32.930984,-96.76708,2600.0,2.0,,266700.0,2204.0,3,2.0,1350.0,,,singleFamily,5,,,https://www.zillow.com,https://photos.zillowstatic.com/fp/801a178fc295bc4230cafcbd6d108365-p_c.jpg,2026-05-07 17:03,For Rent
26915280,6008 Sugarleaf Ln,75249,Dallas,TX,32.649044,-96.97284,2195.0,1.0,,293600.0,2176.0,3,2.0,1687.0,1999.0,,singleFamily,6,280000.0,2025,https://www.zillow.com,https://photos.zillowstatic.com/fp/dae508c022ebc96cc5cfa92b058b2f57-p_c.jpg,2026-05-07 17:03,For Rent
26868064,9029 Church Rd,75231,Dallas,TX,32.886112,-96.73923,3200.0,1.0,-300.0,592900.0,3504.0,4,3.0,2203.0,,,singleFamily,58,546910.0,2025,https://www.zillow.com,https://photos.zillowstatic.com/fp/212ffbd26ff0e73ad41a341371a2fd79-p_c.jpg,2026-05-07 17:03,For Rent
26853145,9011 Boundbrook Ave,75243,Dallas,TX,32.89943,-96.7575,2350.0,2.0,-150.0,284000.0,2047.0,3,2.0,1102.0,,,singleFamily,25,276230.0,2025,https://www.zillow.com,https://photos.zillowstatic.com/fp/4e1e9346fd41490a3761c5e85e959e7a-p_c.jpg,2026-05-07 17:03,For Rent
55827006,7938 Christian Ct,75237,Dallas,TX,32.651157,-96.86035,1895.0,1.0,,284900.0,2400.0,3,3.0,1996.0,2001.0,,singleFamily,2,270390.0,2025,https://www.zillow.com,https://photos.zillowstatic.com/fp/16c9014704609156a8e555ee2664f3dc-p_c.jpg,2026-05-07 17:03,For Rent
26637880,6304 Cupertino Trl,75252,Dallas,TX,33.00405,-96.79657,2600.0,2.0,-50.0,410000.0,2623.0,3,2.0,1587.0,,,singleFamily,115,417978.0,2025,https://www.zillow.com,https://photos.zillowstatic.com/fp/18034a6e72dc7dbbdb8b312c36e4f244-p_c.jpg,2026-05-07 17:03,For Rent
83761995,18231 Brighton Grn,75252,Dallas,TX,32.999584,-96.78597,4400.0,1.0,,764000.0,3741.0,3,3.0,3236.0,,,singleFamily,5,660119.0,2025,https://www.zillow.com,https://photos.zillowstatic.com/fp/f51fa3177a99f9ae77067f63ce6f3a1a-p_c.jpg,2026-05-07 17:03,For Rent
26728771,314 W Clarendon Dr,75208,Dallas,TX,32.73419,-96.82753,3000.0,1.0,,333500.0,3322.0,4,2.0,2096.0,,,singleFamily,20,250000.0,2025,https://www.zillow.com,https://photos.zillowstatic.com/fp/4052bebd01941fd13761d49a64dcede5-p_c.jpg,2026-05-07 17:03,For Rent
96493865,3014 Birmingham Ave,75215,Dallas,TX,32.769527,-96.76277,2700.0,2.0,,,1433.0,3,3.0,1600.0,,,singleFamily,36,51940.0,2024,https://www.zillow.com,https://photos.zillowstatic.com/fp/e17ec22b3b441b16081d2b2675d0c9aa-p_c.jpg,2026-05-07 17:03,For Rent
61871045,8413 Canvasback Ln,75249,Dallas,TX,32.657284,-96.97502,2170.0,1.0,,284100.0,2290.0,3,2.0,1631.0,,,singleFamily,0,289630.0,2025,https://www.zillow.com,https://photos.zillowstatic.com/fp/402d72c0fd43e09b02e340f8b452538d-p_c.jpg,2026-05-07 17:03,For Rent
26758904,5724 Rich St,75227,Dallas,TX,32.76881,-96.723564,1935.0,1.0,-35.0,218300.0,1860.0,3,1.0,1608.0,,,singleFamily,14,275560.0,2025,https://www.zillow.com,https://photos.zillowstatic.com/fp/930e6b3abd5029a5fc3d9ae150d95f45-p_c.jpg,2026-05-07 17:03,For Rent
26733722,5301 W Mockingbird Ln,75209,Dallas,TX,32.836998,-96.82145,13995.0,6.0,,1035000.0,5774.0,3,2.0,2275.0,,,singleFamily,61,830000.0,2025,https://www.zillow.com,https://photos.zillowstatic.com/fp/0c4ee8e4f3547b42aeeb4d16f03d99ab-p_c.jpg,2026-05-07 17:03,For Rent
26704293,5527 McCommas Blvd,75206,Dallas,TX,32.830208,-96.773384,9500.0,3.0,,1188800.0,7501.0,4,3.0,3121.0,,,singleFamily,34,1100000.0,2025,https://www.zillow.com,https://photos.zillowstatic.com/fp/a692aa8b418264025fecd9db0c95c576-p_c.jpg,2026-05-07 17:03,For Rent
111958989,9951 Rio Doso Dr,75227,Dallas,TX,32.767525,-96.64984,2575.0,1.0,,275200.0,2226.0,4,3.0,1995.0,2006.0,,singleFamily,7,300410.0,2025,https://www.zillow.com,https://photos.zillowstatic.com/fp/e26ebe36d2acdeedd1609a23cc30df79-p_c.jpg,2026-05-07 17:03,For Rent
2085031301,5046 Pershing St,75206,Dallas,TX,32.8178,-96.78685,2600.0,2.0,,394100.0,2259.0,2,1.0,1060.0,,,townhome,32,,,https://www.zillow.com,https://photos.zillowstatic.com/fp/15d4354e97fdbe04ff998ab18f52fc62-p_c.jpg,2026-05-07 17:03,For Rent
26837605,2402 Housley Dr,75228,Dallas,TX,32.852192,-96.671745,2599.0,2.0,,302800.0,2461.0,3,2.0,1730.0,,,singleFamily,23,285020.0,2025,https://www.zillow.com,https://photos.zillowstatic.com/fp/321358ba2e37f3dd4a4b76702ad5f6a5-p_c.jpg,2026-05-07 17:03,For Rent
26820506,9920 Bluffcreek Dr,75227,Dallas,TX,32.751774,-96.649765,2040.0,1.0,,223700.0,2039.0,4,2.0,1377.0,,,singleFamily,30,222370.0,2025,https://www.zillow.com,https://photos.zillowstatic.com/fp/7eded9d04fa87f1bf450ff4ffff6299c-p_c.jpg,2026-05-07 17:03,For Rent
460520039,3523 Miles St #102,75209,Dallas,TX,32.827183,-96.82199,3895.0,2.0,-100.0,591800.0,3871.0,2,3.0,1935.0,,,townhome,80,,,https://www.zillow.com,https://photos.zillowstatic.com/fp/409640a4019d406b8ef2b40fa06b3377-p_c.jpg,2026-05-07 17:03,For Rent
26711818,635 Haines Ave,75208,Dallas,TX,32.75072,-96.82918,2300.0,2.0,,534400.0,2519.0,2,3.0,1519.0,,,singleFamily,20,,,https://www.zillow.com,https://photos.zillowstatic.com/fp/d7650ecc7f0fcbe2e116efd90bb0ef1c-p_c.jpg,2026-05-07 17:03,For Rent
26809019,10807 Marsh Ln,75229,Dallas,TX,32.895405,-96.85656,3950.0,1.0,,682100.0,3953.0,4,3.0,2758.0,,,singleFamily,4,495000.0,2025,https://www.zillow.com,https://photos.zillowstatic.com/fp/7a7d50e531b56db86135aa4babe98bc0-p_c.jpg,2026-05-07 17:03,For Rent
26678128,4222 Munger Ave,75204,Dallas,TX,32.802155,-96.78413,6950.0,2.0,-290.0,780100.0,5993.0,3,4.0,3170.0,,,singleFamily,75,770050.0,2025,https://www.zillow.com,https://photos.zillowstatic.com/fp/1a8211d7026e84304736d7b8eae1c551-p_c.jpg,2026-05-07 17:03,For Rent
26708883,206 W Brooklyn Ave,75208,Dallas,TX,32.738968,-96.82499,3325.0,2.0,25.0,331900.0,3563.0,3,3.0,1800.0,,,townhome,49,293740.0,2025,https://www.zillow.com,https://photos.zillowstatic.com/fp/bfde11917c206c35b4a967ccf4525102-p_c.jpg,2026-05-07 17:03,For Rent
448882179,5019 Worth St #C,75214,Dallas,TX,32.800735,-96.76545,1400.0,2.0,-50.0,225300.0,1570.0,1,1.0,640.0,,,singleFamily,15,,,https://www.zillow.com,https://photos.zillowstatic.com/fp/0e92a88d49dd45de052f8603d9fe30e7-p_c.jpg,2026-05-07 17:03,For Rent
26681632,2907 Shelby Ave,75219,Dallas,TX,32.809013,-96.81079,1850.0,2.0,-49.0,254700.0,2491.0,1,2.0,1216.0,,,apartment,28,253000.0,2025,https://www.zillow.com,https://photos.zillowstatic.com/fp/48a90d618d5bfe7920e4c0b657430eed-p_c.jpg,2026-05-07 17:03,For Rent
461972504,1510 W Jefferson Blvd APT 108,75208,Dallas,TX,32.744507,-96.845726,999.0,2.0,190.0,,1097.0,1,1.0,600.0,,,apartment,12,,,https://www.zillow.com,https://photos.zillowstatic.com/fp/766b8e210f058e30e1cccccbbb292bcd-p_c.jpg,2026-05-07 17:03,For Rent
96513625,9913 Chilmark Way,75227,Dallas,TX,32.766262,-96.65131,2255.0,1.0,,298900.0,2138.0,3,3.0,1777.0,,,singleFamily,13,359850.0,2025,https://www.zillow.com,https://photos.zillowstatic.com/fp/68459c68c21d6ed0c22969163050a238-p_c.jpg,2026-05-07 17:03,For Rent
26687338,2216 Marburg St,75215,Dallas,TX,32.751167,-96.7617,1750.0,2.0,,119100.0,1745.0,3,1.0,1088.0,,,singleFamily,21,179590.0,2025,https://www.zillow.com,https://photos.zillowstatic.com/fp/1aaa202d4276f4015d1ae5f2012964bf-p_c.jpg,2026-05-07 17:03,For Rent
80233393,7312 Sierra Way,75241,Dallas,TX,32.657005,-96.77656,1995.0,1.0,-85.0,248900.0,1975.0,3,2.0,1439.0,,,singleFamily,4,263000.0,2025,https://www.zillow.com,https://photos.zillowstatic.com/fp/e99c075194ee006a9ec2a263d3f34eb2-p_c.jpg,2026-05-07 17:03,For Rent
461726088,10020 Regal Park Ln #Id1520122p,75230,Dallas,TX,32.88425,-96.772,3269.0,3.0,-55.0,,3043.0,2,2.0,1076.0,,,apartment,21,,,https://www.zillow.com,https://photos.zillowstatic.com/fp/38cff3d1a3524a6bba9e157e50691dd8-p_c.jpg,2026-05-07 17:03,For Rent
26802520,463 Glenview St,75217,Dallas,TX,32.71923,-96.6781,1399.0,2.0,-51.0,144000.0,1510.0,2,1.0,784.0,,,singleFamily,7,178350.0,2025,https://www.zillow.com,https://photos.zillowstatic.com/fp/2dd25d7d4311b95d0155979389409c6c-p_c.jpg,2026-05-07 17:03,For Rent
26690832,5510 Bonita Ave,75206,Dallas,TX,32.81795,-96.77425,5995.0,2.0,-5.0,1074000.0,5180.0,4,3.0,2885.0,,,singleFamily,60,978000.0,2025,https://www.zillow.com,https://photos.zillowstatic.com/fp/fc8d29d6221cc6ecfb1c4b51b8dc36a2-p_c.jpg,2026-05-07 17:03,For Rent
61871427,1901 N Fitzhugh Ave APT 19,75204,Dallas,TX,32.808105,-96.77889,1250.0,2.0,-45.0,103400.0,1412.0,1,1.0,600.0,,,apartment,15,120000.0,2025,https://www.zillow.com,https://photos.zillowstatic.com/fp/60f83d2b59c2310694213aaf0554bf3c-p_c.jpg,2026-05-07 17:03,For Rent
457882055,8122 Midtown Blvd #Id1335743p,75231,Dallas,TX,32.891502,-96.76764,3036.0,4.0,-24.0,,1391.0,1,1.0,753.0,,,apartment,22,,,https://www.zillow.com,https://photos.zillowstatic.com/fp/58b5b08f883a8852b674493613148e54-p_c.jpg,2026-05-07 17:03,For Rent
460406024,1759 Round House Ln #Id1385601p,75253,Dallas,TX,32.683357,-96.608574,5457.0,,31.0,,4185.0,3,2.0,,,,apartment,22,,,https://www.zillow.com,https://photos.zillowstatic.com/fp/2d44e084fa48bd455a10094fe6733b9f-p_c.jpg,2026-05-07 17:03,For Rent
460406072,6900 Skillman St #Id1383682p,75231,Dallas,TX,32.870693,-96.73441,4008.0,,5.0,,1633.0,1,1.0,,,,apartment,22,,,https://www.zillow.com,https://photos.zillowstatic.com/fp/a6b6b78c341e6745a783f8b1eb5848a4-p_c.jpg,2026-05-07 17:03,For Rent
2097059249,4322 Bowser Ave APT 203,75219,Dallas,TX,32.818428,-96.81077,995.0,2.0,-55.0,,1048.0,1,1.0,525.0,,,apartment,14,,,https://www.zillow.com,https://photos.zillowstatic.com/fp/bafb86755be8253a8c507bc2c790232a-p_c.jpg,2026-05-07 17:03,For Rent
26727682,2424 W Jefferson Blvd,75211,Dallas,TX,32.74748,-96.85802,1800.0,1.0,,397000.0,1821.0,2,1.0,1250.0,,,singleFamily,36,476270.0,2025,https://www.zillow.com,https://photos.zillowstatic.com/fp/9f8211df24c9095dcfabf29298dfb77b-p_c.jpg,2026-05-07 17:03,For Rent
248830178,5175 Brickellia Dr,75209,Dallas,TX,32.826786,-96.8181,4950.0,3.0,,704000.0,5001.0,3,4.0,1935.0,,,singleFamily,76,689950.0,2025,https://www.zillow.com,https://photos.zillowstatic.com/fp/527bdc28e04159ea1435f9e930fdec7d-p_c.jpg,2026-05-07 17:03,For Rent
26634340,18749 Vista Del Sol,75287,Dallas,TX,33.00572,-96.83402,3020.0,1.0,,514200.0,3388.0,4,4.0,2761.0,,,singleFamily,4,521842.0,2025,https://www.zillow.com,https://photos.zillowstatic.com/fp/aa882d93957572207dab2699e0774b81-p_c.jpg,2026-05-07 17:03,For Rent
440704576,4206 Cabell Dr #106,75204,Dallas,TX,32.80352,-96.78681,2750.0,2.0,,,2150.0,1,1.0,1304.0,,,townhome,51,,,https://www.zillow.com,https://photos.zillowstatic.com/fp/b6bcbfe2b51e14ff1f896f87a2ab1e2a-p_c.jpg,2026-05-07 17:03,For Rent
2111178668,2518 N Fitzhugh Ave APT 203,75204,Dallas,TX,32.812862,-96.78363,1150.0,2.0,-49.0,,1339.0,1,1.0,632.0,,,apartment,213,,,https://www.zillow.com,https://photos.zillowstatic.com/fp/090d96154d7c361f56614d80fd5ba80d-p_c.jpg,2026-05-07 17:03,For Rent
338040539,1304 Haymarket Rd,75253,Dallas,TX,32.69037,-96.63968,2049.0,1.0,,281700.0,2076.0,3,2.0,1481.0,,,singleFamily,24,284630.0,2025,https://www.zillow.com,https://photos.zillowstatic.com/fp/9b608704c6595a5165b3f64b87bd7944-p_c.jpg,2026-05-07 17:03,For Rent
67964323,3015 Bryan St APT 1A,75204,Dallas,TX,32.7919,-96.788086,1450.0,2.0,,188400.0,1670.0,1,1.0,712.0,,,apartment,20,238520.0,2025,https://www.zillow.com,https://photos.zillowstatic.com/fp/638880903d893f095c0764067044c8a4-p_c.jpg,2026-05-07 17:03,For Rent
2098275533,5946 La Vista Dr,75206,Dallas,TX,32.813,-96.76412,1895.0,1.0,,462100.0,2727.0,2,1.0,1428.0,,,singleFamily,5,,,https://www.zillow.com,https://photos.zillowstatic.com/fp/2f36b78364dfb39d57a11e07cabdf112-p_c.jpg,2026-05-07 17:03,For Rent
26860371,10405 Kinslow Dr,75217,Dallas,TX,32.710995,-96.645294,1880.0,2.0,-35.0,209400.0,1829.0,3,2.0,1154.0,1980.0,7492.32,singleFamily,15,207150.0,2025,https://www.zillow.com,https://photos.zillowstatic.com/fp/d904675823f6f48fa6e652465b2d9806-p_c.jpg,2026-05-07 17:03,For Rent
2119544310,2118 Tucker St APT A,75214,Dallas,TX,32.81112,-96.73212,1925.0,2.0,,,1746.0,2,1.0,900.0,,,apartment,27,,,https://www.zillow.com,https://photos.zillowstatic.com/fp/7e835ff10d089d4b223988270210a06c-p_c.jpg,2026-05-07 17:03,For Rent
84005559,9715 Checota Dr,75217,Dallas,TX,32.740215,-96.655304,2310.0,1.0,15.0,237300.0,2165.0,4,2.0,1806.0,,,singleFamily,10,193000.0,2025,https://www.zillow.com,https://photos.zillowstatic.com/fp/6c2cd9f1be0257efa540868b1e58cd66-p_c.jpg,2026-05-07 17:03,For Rent
55827346,4106 Newton Ave APT 102,75219,Dallas,TX,32.818302,-96.80678,1550.0,2.0,,218500.0,1596.0,1,1.0,667.0,,,apartment,21,230040.0,2025,https://www.zillow.com,https://photos.zillowstatic.com/fp/60375dc8c0440fcf70a32a8fd598abf4-p_c.jpg,2026-05-07 17:03,For Rent
461443515,7115 Misty Meadow Dr,75287,Dallas,TX,32.992947,-96.86117,20000.0,4.0,,774500.0,5008.0,5,5.0,4631.0,,,singleFamily,36,,,https://www.zillow.com,https://photos.zillowstatic.com/fp/3a031a9afbdf7322de03db269af2cb19-p_c.jpg,2026-05-07 17:03,For Rent
111960106,9923 Rio Doso Dr,75227,Dallas,TX,32.767513,-96.65089,2435.0,1.0,,266700.0,2190.0,4,3.0,1995.0,1976.0,,singleFamily,22,294180.0,2025,https://www.zillow.com,https://photos.zillowstatic.com/fp/24eb92ec6fcff2eee54b2af4016fd1b4-p_c.jpg,2026-05-07 17:03,For Rent
60331487,7422 Amber Dr,75241,Dallas,TX,32.657883,-96.811195,2049.0,1.0,,230700.0,2128.0,4,2.0,1621.0,2002.0,,singleFamily,6,252170.0,2025,https://www.zillow.com,https://photos.zillowstatic.com/fp/342766886c87c64dd76b24b8c5523b1f-p_c.jpg,2026-05-07 17:03,For Rent
26908292,2703 Oak Bend Ln,75227,Dallas,TX,32.75757,-96.641846,2035.0,1.0,-40.0,236100.0,2117.0,3,2.0,1611.0,,,singleFamily,16,254670.0,2025,https://www.zillow.com,https://photos.zillowstatic.com/fp/f3df476bc4e5e5a75f601c65a3947332-p_c.jpg,2026-05-07 17:03,For Rent
26877575,4284 Wiley College Dr,75241,Dallas,TX,32.670643,-96.74583,2200.0,,,213800.0,2060.0,4,2.0,,,,singleFamily,13,177990.0,2025,https://www.zillow.com,https://photos.zillowstatic.com/fp/308ff20e00a9e833c935b4cf427e0ee0-p_c.jpg,2026-05-07 17:03,For Rent
53389195,3722 Fairfax Ave,75209,Dallas,TX,32.831547,-96.82319,8000.0,2.0,,1691200.0,7936.0,4,5.0,3748.0,,,singleFamily,91,1800000.0,2025,https://www.zillow.com,https://photos.zillowstatic.com/fp/f9a7929427d97d83dfd152165f3a18ec-p_c.jpg,2026-05-07 17:03,For Rent
69676418,3110 Thomas Ave APT 334,75204,Dallas,TX,32.798294,-96.79458,2095.0,2.0,,332400.0,2234.0,1,2.0,918.0,,,apartment,16,365600.0,2025,https://www.zillow.com,https://photos.zillowstatic.com/fp/202029f2c5f25d6b7ad6ed5b37885328-p_c.jpg,2026-05-07 17:03,For Rent
461939091,1318 Stafford St,75208,Dallas,TX,32.770126,-96.84272,2325.0,,,451000.0,3141.0,3,3.0,,,,singleFamily,14,,,https://www.zillow.com,https://photos.zillowstatic.com/fp/e7183708aa8246e8442460cc6ac30aaf-p_c.jpg,2026-05-07 17:03,For Rent
461627192,6760 Eastridge Dr #102,75231,Dallas,TX,32.868176,-96.75055,1375.0,2.0,,,1005.0,1,1.0,725.0,,,apartment,26,,,https://www.zillow.com,https://photos.zillowstatic.com/fp/9781db725a45e5c64ef7e7deaf4d9740-p_c.jpg,2026-05-07 17:03,For Rent
26743122,10823 Lake Gardens Dr,75218,Dallas,TX,32.847492,-96.689354,1600.0,1.0,,237200.0,1850.0,2,1.0,1194.0,,,townhome,13,236690.0,2025,https://www.zillow.com,https://photos.zillowstatic.com/fp/c34419e2833c04ee34d98b8d95ddef89-p_c.jpg,2026-05-07 17:03,For Rent
338034460,1609 Portofino Dr,75217,Dallas,TX,32.68517,-96.66588,2420.0,1.0,-35.0,290900.0,2404.0,4,2.0,1735.0,2019.0,7013.16,singleFamily,15,307330.0,2025,https://www.zillow.com,https://photos.zillowstatic.com/fp/a05e9e98c966fc8f5276e0c75924d31b-p_c.jpg,2026-05-07 17:03,For Rent
26658045,18703 Riverstone Ct,75252,Dallas,TX,33.005024,-96.79658,2795.0,1.0,,439600.0,3020.0,3,3.0,2083.0,,,singleFamily,15,435000.0,2025,https://www.zillow.com,https://photos.zillowstatic.com/fp/387555b5106d8952771cf6b3fb1780e6-p_c.jpg,2026-05-07 17:03,For Rent
333139344,14267 Chaps Dr,75253,Dallas,TX,32.67364,-96.58756,2120.0,1.0,-205.0,251200.0,2304.0,4,3.0,1552.0,2019.0,,singleFamily,23,260000.0,2025,https://www.zillow.com,https://photos.zillowstatic.com/fp/ccb21fe8404e87823d3aacafdfc9bf9e-p_c.jpg,2026-05-07 17:03,For Rent
26830936,2522 Pinebluff Dr,75228,Dallas,TX,32.803505,-96.7023,3000.0,1.0,,450400.0,3125.0,3,3.0,2226.0,,,singleFamily,14,456500.0,2025,https://www.zillow.com,https://photos.zillowstatic.com/fp/e53df37abae4cd41ec86e1dd9d1b950a-p_c.jpg,2026-05-07 17:03,For Rent
26822114,6115 Flagstaff Dr,75241,Dallas,TX,32.67339,-96.75561,1890.0,1.0,,175300.0,1851.0,3,2.0,1522.0,1961.0,,singleFamily,13,192700.0,2025,https://www.zillow.com,https://photos.zillowstatic.com/fp/3748fa4ae4b70c63c1018197e1244910-p_c.jpg,2026-05-07 17:03,For Rent
26923631,4334 Buena Vista St APT A,75205,Dallas,TX,32.82053,-96.7929,2300.0,3.0,,304700.0,2187.0,1,2.0,906.0,,,townhome,32,317100.0,2025,https://www.zillow.com,https://photos.zillowstatic.com/fp/f813681da97ba5aa7b45ea9b5006565b-p_c.jpg,2026-05-07 17:03,For Rent
69669825,3014 Carmel St,75204,Dallas,TX,32.79139,-96.78685,3300.0,2.0,,487500.0,3296.0,3,4.0,1947.0,2005.0,,townhome,9,495570.0,2025,https://www.zillow.com,https://photos.zillowstatic.com/fp/9ad0c425d4b8f1c1178144221fe64d3a-p_c.jpg,2026-05-07 17:03,For Rent
461446363,2017 Al Lipscomb Way Floor 3-ID396655P,75215,Dallas,TX,32.766773,-96.77781,4470.0,1.0,,,,1,1.0,7696.0,,,apartment,36,,,https://www.zillow.com,https://photos.zillowstatic.com/fp/1fb46e2ec7d8a5db5e3216381a028326-p_c.jpg,2026-05-07 17:03,For Rent
67962428,735 Panola Dr,75241,Dallas,TX,32.653954,-96.81237,1955.0,2.0,,213000.0,1943.0,3,2.0,1276.0,2004.0,5009.400000000001,singleFamily,13,223960.0,2025,https://www.zillow.com,https://photos.zillowstatic.com/fp/5f3e1efc5cdb6c234e6265baeabf185b-p_c.jpg,2026-05-07 17:03,For Rent
67952114,9740 Stonewood Dr,75227,Dallas,TX,32.766197,-96.653534,1975.0,2.0,-20.0,226500.0,1857.0,3,2.0,1250.0,,,singleFamily,13,237530.0,2025,https://www.zillow.com,https://photos.zillowstatic.com/fp/e56313e90a5bec6f14d78027214cd544-p_c.jpg,2026-05-07 17:03,For Rent
248828153,1303 Palm Springs Ln,75204,Dallas,TX,32.794926,-96.78321,3000.0,2.0,,448400.0,3156.0,2,3.0,1880.0,,,singleFamily,27,494880.0,2025,https://www.zillow.com,https://photos.zillowstatic.com/fp/6485245c426109bc823d4c7bad66aa36-p_c.jpg,2026-05-07 17:03,For Rent
26826596,2709 Meadow Isle Ln,75237,Dallas,TX,32.65927,-96.86205,2165.0,1.0,,261400.0,2009.0,3,2.0,1878.0,1976.0,7579.44,singleFamily,21,277640.0,2025,https://www.zillow.com,https://photos.zillowstatic.com/fp/5a8c448cae8475e02fc1a46814f0a9ce-p_c.jpg,2026-05-07 17:03,For Rent
67963765,9720 Brierwyck Dr,75217,Dallas,TX,32.687977,-96.65441,1975.0,2.0,-20.0,240900.0,1879.0,3,2.0,1229.0,,,singleFamily,24,236660.0,2025,https://www.zillow.com,https://photos.zillowstatic.com/fp/ba9e838d6b826d8621070b98ec5609d7-p_c.jpg,2026-05-07 17:03,For Rent
26887283,7103 Blythdale Dr,75248,Dallas,TX,32.98191,-96.78554,4399.0,2.0,4.0,640800.0,4056.0,4,3.0,2802.0,,,singleFamily,3,830580.0,2025,https://www.zillow.com,https://photos.zillowstatic.com/fp/daf9dbf189cc8a78b13b2544830129f6-p_c.jpg,2026-05-07 17:03,For Rent
26899688,8109 Skillman St APT 3023,75231,Dallas,TX,32.89107,-96.73011,1395.0,2.0,-100.0,92800.0,1259.0,1,1.0,914.0,1981.0,,apartment,42,113340.0,2025,https://www.zillow.com,https://photos.zillowstatic.com/fp/d096fb268c6ffd006fbb10f8867e7b98-p_c.jpg,2026-05-07 17:03,For Rent
26912434,1016 Matamoros Plz,75211,Dallas,TX,32.717247,-96.902885,2070.0,2.0,-10.0,211200.0,2078.0,3,3.0,1323.0,,,singleFamily,15,244720.0,2025,https://www.zillow.com,https://photos.zillowstatic.com/fp/c1eecc82c576f16de45c7692f223a4da-p_c.jpg,2026-05-07 17:03,For Rent
26685161,800 S Glasgow Dr,75223,Dallas,TX,32.800926,-96.74572,4000.0,2.0,-200.0,1157900.0,3982.0,3,3.0,2433.0,,,singleFamily,20,1112690.0,2025,https://www.zillow.com,https://photos.zillowstatic.com/fp/edaf71eed01590e5af1b24e198985e34-p_c.jpg,2026-05-07 17:03,For Rent
26831689,2927 Dorris St,75215,Dallas,TX,32.74294,-96.74857,1849.0,1.0,-100.0,258700.0,2089.0,3,2.0,1298.0,,,singleFamily,28,286130.0,2025,https://www.zillow.com,https://photos.zillowstatic.com/fp/4ff96a61df7176d61bda111cae395648-p_c.jpg,2026-05-07 17:03,For Rent
26773029,3160 Obannon Dr,75224,Dallas,TX,32.70899,-96.837875,2650.0,1.0,-200.0,,2574.0,4,2.0,2187.0,,,singleFamily,20,313620.0,2025,https://www.zillow.com,https://photos.zillowstatic.com/fp/a348dbc74c742bc880255f302595602a-p_c.jpg,2026-05-07 17:03,For Rent
26700089,4717 Owenwood Ave,75223,Dallas,TX,32.78064,-96.741264,1699.0,2.0,-36.0,207600.0,1850.0,3,2.0,1090.0,,,singleFamily,15,224430.0,2025,https://www.zillow.com,https://photos.zillowstatic.com/fp/a5bead0022c62d5befa1c4f41711f2f5-p_c.jpg,2026-05-07 17:03,For Rent
26863690,7758 Dentcrest Dr,75254,Dallas,TX,32.949524,-96.77228,2600.0,1.0,-100.0,334500.0,2380.0,3,2.0,1747.0,,,townhome,71,296140.0,2025,https://www.zillow.com,https://photos.zillowstatic.com/fp/84e6afd62689a6cb728fc7276b5dc8d5-p_c.jpg,2026-05-07 17:03,For Rent
26746184,2134 Fenwick Dr,75228,Dallas,TX,32.84177,-96.675415,2195.0,2.0,,288400.0,2234.0,3,2.0,1435.0,,,singleFamily,15,307520.0,2025,https://www.zillow.com,https://photos.zillowstatic.com/fp/1a49039533010d89c7a3060ab4789959-p_c.jpg,2026-05-07 17:03,For Rent
26693147,4502 Holland Ave,75219,Dallas,TX,32.82095,-96.81188,4500.0,2.0,,,5220.0,3,4.0,2882.0,,,townhome,15,4900000.0,2016,https://www.zillow.com,https://photos.zillowstatic.com/fp/aa8a4bef750d5e1303802ae18dd3c41d-p_c.jpg,2026-05-07 17:03,For Rent
461334424,3122 Chihuahua Ave #Id1510240p,75212,Dallas,TX,32.78011,-96.84542,5830.0,3.0,56.0,,4242.0,4,3.0,2174.0,,,apartment,41,,,https://www.zillow.com,https://photos.zillowstatic.com/fp/9c6090e7dddaf886135635d68951a624-p_c.jpg,2026-05-07 17:03,For Rent
26909639,9415 Rutherglen Dr,75227,Dallas,TX,32.772804,-96.66111,1895.0,1.0,,209100.0,1876.0,3,2.0,1334.0,,,singleFamily,20,226290.0,2025,https://www.zillow.com,https://photos.zillowstatic.com/fp/c827bc276bcf4cf6db42a189b4cbe830-p_c.jpg,2026-05-07 17:03,For Rent
162814412,5602 Lindell Ave #C,75206,Dallas,TX,32.808678,-96.76926,3250.0,2.0,,462100.0,3336.0,2,3.0,1482.0,,,apartment,43,484410.0,2025,https://www.zillow.com,https://photos.zillowstatic.com/fp/8283dd442a9dfc3976be8f4450a5d6f6-p_c.jpg,2026-05-07 17:03,For Rent
26819220,10125 Muskogee Dr,75217,Dallas,TX,32.73841,-96.64921,1999.0,1.0,,257400.0,2047.0,4,2.0,1400.0,,,singleFamily,17,251890.0,2025,https://www.zillow.com,https://photos.zillowstatic.com/fp/16ebe24533e131c4edc482054f4c49b2-p_c.jpg,2026-05-07 17:03,For Rent
26893280,10214 Deer Hollow Dr,75249,Dallas,TX,32.62375,-96.94946,1930.0,1.0,,233700.0,1855.0,3,2.0,1325.0,,,singleFamily,24,220060.0,2025,https://www.zillow.com,https://photos.zillowstatic.com/fp/8b8bdbd73cad4163fa4655cf74f0578c-p_c.jpg,2026-05-07 17:03,For Rent
461184532,2801 Cherrywood Ave #Id1507085p,75235,Dallas,TX,32.823135,-96.83278,13267.0,,-270.0,,1850.0,4,3.0,,,,apartment,6,,,https://www.zillow.com,https://photos.zillowstatic.com/fp/3ee5937256dd0b0a833eb425c4fbfed9-p_c.jpg,2026-05-07 17:03,For Rent
2072086263,7906 Royal Ln APT A,75230,Dallas,TX,32.898167,-96.77047,1895.0,1.0,-100.0,,2034.0,2,2.0,1527.0,1974.0,,apartment,48,,,https://www.zillow.com,https://photos.zillowstatic.com/fp/c1bd88b6b89ed101a17553f51c31f573-p_c.jpg,2026-05-07 17:03,For Rent
26726876,2118 Berwick Ave,75203,Dallas,TX,32.730373,-96.7977,2222.0,2.0,-68.0,243000.0,2127.0,3,2.0,1286.0,1935.0,,singleFamily,29,246900.0,2025,https://www.zillow.com,https://photos.zillowstatic.com/fp/ff63d154f47104c337fb6e3b1721221e-p_c.jpg,2026-05-07 17:03,For Rent
461816772,1128 Peavy Rd,75218,Dallas,TX,32.839897,-96.697754,1445.0,2.0,,170400.0,1423.0,1,1.0,700.0,,,singleFamily,16,,,https://www.zillow.com,https://photos.zillowstatic.com/fp/b78ae1b5cc6b8f13e1cb4ccf49b24e3d-p_c.jpg,2026-05-07 17:03,For Rent
26908583,10216 Blackjack Oaks Dr,75227,Dallas,TX,32.7532,-96.64692,1895.0,1.0,-40.0,231000.0,1955.0,3,2.0,1453.0,1998.0,4181.76,singleFamily,31,250560.0,2025,https://www.zillow.com,https://photos.zillowstatic.com/fp/eeadab4c0ba121975a6c970918d0fc8e-p_c.jpg,2026-05-07 17:03,For Rent
460974202,907 W Jefferson Blvd #C,75203,Dallas,TX,32.751553,-96.81158,3102.0,2.0,,,2870.0,0,1.0,2068.0,,,apartment,57,,,https://www.zillow.com,https://photos.zillowstatic.com/fp/825b7af52c6fa0e1ddef3736f49e915c-p_c.jpg,2026-05-07 17:03,For Rent
448635384,4624 Junius St APT B,75246,Dallas,TX,32.796917,-96.77075,1425.0,1.0,,,1060.0,1,1.0,1000.0,1912.0,,apartment,3,,,https://www.zillow.com,https://photos.zillowstatic.com/fp/f92096e3f8c02713307840f5447888da-p_c.jpg,2026-05-07 17:03,For Rent
336887047,1507 N Garrett Ave #203,75206,Dallas,TX,32.80658,-96.7727,2850.0,2.0,,417500.0,2955.0,2,3.0,1361.0,,,apartment,34,428720.0,2025,https://www.zillow.com,https://photos.zillowstatic.com/fp/b2c42c729f5c61a3dcec43c9d6dd32f0-p_c.jpg,2026-05-07 17:03,For Rent
26879924,12408 Cedar Bend Dr,75244,Dallas,TX,32.917545,-96.853584,4500.0,2.0,-250.0,644900.0,4062.0,4,3.0,2396.0,,,singleFamily,32,600000.0,2025,https://www.zillow.com,https://photos.zillowstatic.com/fp/5f21f8fbb60878121ab1494e867bab5a-p_c.jpg,2026-05-07 17:03,For Rent
96535411,15630 Gatsby Ln,75253,Dallas,TX,32.68438,-96.58441,2510.0,1.0,,281100.0,2423.0,4,3.0,1696.0,2019.0,,singleFamily,48,315330.0,2025,https://www.zillow.com,https://www.zillowstatic.com/static/images/nophoto_p_c.png,2026-05-07 17:03,For Rent
2100757758,10229 Kilarney Dr,75218,Dallas,TX,32.84301,-96.695724,2595.0,3.0,,266100.0,2255.0,2,2.0,1000.0,,,singleFamily,51,,,https://www.zillow.com,https://photos.zillowstatic.com/fp/6eef65c6d37787ce7d40d054b93d7870-p_c.jpg,2026-05-07 17:03,For Rent
26803235,11802 Flamingo Ln,75218,Dallas,TX,32.856083,-96.677704,1900.0,2.0,,292400.0,2171.0,3,2.0,1118.0,,,singleFamily,13,241620.0,2025,https://www.zillow.com,https://photos.zillowstatic.com/fp/55e1ab66e95c205e26d80de0ee343e88-p_c.jpg,2026-05-07 17:03,For Rent
460469642,4931 Junius St #8,75214,Dallas,TX,32.800568,-96.767235,1095.0,1.0,-5.0,,1484.0,1,1.0,750.0,,,apartment,42,,,https://www.zillow.com,https://photos.zillowstatic.com/fp/c2594562766a5bf0c863ce03fee2b4c9-p_c.jpg,2026-05-07 17:03,For Rent
60347159,2528 Tan Oak Dr,75212,Dallas,TX,32.791294,-96.86281,2395.0,2.0,,290600.0,2303.0,3,3.0,1409.0,,,singleFamily,43,294890.0,2025,https://www.zillow.com,https://photos.zillowstatic.com/fp/4bbacb242b04801d5f4db58c3b646bb8-p_c.jpg,2026-05-07 17:03,For Rent
26889446,6505 Copper Creek Dr,75248,Dallas,TX,32.968586,-96.79512,4500.0,2.0,,721500.0,5205.0,4,3.0,2760.0,,,singleFamily,17,753890.0,2025,https://www.zillow.com,https://photos.zillowstatic.com/fp/0de23979c89b64b3d2317c5f68abea63-p_c.jpg,2026-05-07 17:03,For Rent
26692532,4527 Capitol Ave,75204,Dallas,TX,32.808777,-96.78559,2800.0,2.0,50.0,464700.0,2684.0,3,2.0,1386.0,,,singleFamily,26,431810.0,2025,https://www.zillow.com,https://photos.zillowstatic.com/fp/705b2294c7bf902d3d78d26c75576c8f-p_c.jpg,2026-05-07 17:03,For Rent
303983986,1310 Barrel Dr,75253,Dallas,TX,32.67423,-96.58321,1970.0,1.0,-25.0,257900.0,2012.0,3,2.0,1315.0,2018.0,,singleFamily,47,240370.0,2025,https://www.zillow.com,https://photos.zillowstatic.com/fp/395a7878bcb8c560cd8ad171e6ed4c76-p_c.jpg,2026-05-07 17:03,For Rent
26758440,4414 Merrell Rd,75229,Dallas,TX,32.88741,-96.834,2295.0,2.0,,426200.0,2298.0,2,1.0,1112.0,,,singleFamily,23,450500.0,2025,https://www.zillow.com,https://photos.zillowstatic.com/fp/23a4b554d74fb4cb85fc11085b236d7a-p_c.jpg,2026-05-07 17:03,For Rent
